Absolute-Plus-1-Position	strand	genes	sigma	sites
208411	+	b0185	sigma70	208399,208404,208376,208381
3405140	+	b3255,b3256	sigma70	3405127,3405132,3405104,3405109
2434015	-	b2316	sigma70	2434027,2434032,2434051,2434056
4215402	+	b4014,b4015,b4016	sigma70	4215391,4215396,4215369,4215374
122969	+	b0115,b0114	sigma70	122956,122961,122934,122939
122969	+	b0115,b0114	sigma38	122951,122961,122934,122939
2413459	+	b2296	sigma32	2413443,2413448,2413423,2413428
1335424	+	b1276	sigma38	1335407,1335417,1335389,1335394
1335424	+	b1276	sigma70	1335412,1335417,1335389,1335394
1335781	+	b1276	sigma70	1335775,1335780,1335752,1335757
131519	+	b0118	sigma70	131507,131512,131484,131489
485698	-	b0463,b0462	sigma70	485705,485710,485729,485734
2587475	+	b2470	sigma70	2587463,2587468,2587441,2587446
2587550	+	b2470	sigma54	2587533,2587537,2587521,2587526
3413702	+	b3265,b3266	sigma70	3413691,3413696,3413665,3413670
485699	+	b0464	sigma70	485690,485695,485666,485671
4287595	-	b4067,b4068,b4069	sigma70	4287604,4287609,4287631,4287636
4287391	-	b4067,b4068,b4069	sigma70	4287397,4287404,4287413,4287421
4287391	-	b4067,b4068,b4069	sigma38	4287397,4287404,4287413,4287421
4284935	-	b4067	sigma54	4284948,4284952,4284959,4284964
2310427	-	b2212,b2213	sigma38	2310430,2310440,2310454,2310459
2310427	-	b2212,b2213	sigma70	2310430,2310435,2310454,2310459
1702202	+	b1623	sigma70	1702191,1702196,1702166,1702171
3843910	+	b3665	sigma70	3843898,3843903,3843875,3843880
1298413	-	b1241	sigma38	1298420,1298430,1298444,1298449
1298413	-	b1241	sigma70	1298420,1298425,1298446,1298451
1298309	-	b1241	sigma38	1298317,1298327,1298342,1298347
4340556	-	b4117	sigma70	4340562,4340567,4340585,4340590
4337202	-	b4115	sigma32	4337209,4337214,4337231,4337237
403687	+	b0385	sigma38	403673,403683,403657,403662
3219120	-	b3072	sigma28	3219126,3219133,3219148,3219152
3278703	-	b3131	sigma70	3278704,3278709,3278726,3278731
3281889	+	b3141,b3140,b3139,b3138,b3137,b3136	sigma70	3281873,3281878,3281852,3281857
638921	+	b0605,b0606	sigma70	638908,638913,638884,638889
638693	+	b0606,b0605	sigma70	638683,638688,638657,638662
639002	+	b0606	sigma24	638991,638995,638969,638974
4414247	+	b4187	sigma70	4414237,4414242,4414210,4414215
4414247	+	b4187	sigma38	4414232,4414242,4414215,4414220
2407408	+	b2290	sigma32	2407396,2407401,2407375,2407381
2498399	-	b2379	sigma70	2498405,2498410,2498426,2498431
2799084	+	b2670	sigma70	2799076,2799081,2799054,2799058
2518253	-	b2396,b2397	sigma70	2518264,2518269,2518287,2518292
1488190	+	b1415	sigma70	1488180,1488185,1488156,1488161
3756535	-	b3588	sigma38	3756542,3756552,3756565,3756570
2147559	-	b2068	sigma38	2147566,2147576,2147588,2147593
2147559	-	b2068	sigma70	2147566,2147571,2147593,2147598
2309445	-	b2212	sigma70	2309453,2309458,2309474,2309479
546411	-	b0515,b0516,b0517	sigma70	546417,546422,546444,546449
4313132	-	b4085,b4086,b4087,b4088,b4089	sigma70	4313142,4313147,4313167,4313172
4313137	-	b4085,b4086,b4087,b4088,b4089	sigma70	4313142,4313147,4313167,4313172
2552241	+	b2436,b2435	sigma70	2552231,2552236,2552205,2552210
4379003	-	b4150	sigma70	4379011,4379016,4379033,4379038
2006115	+	b1927	sigma70	2006103,2006108,2006081,2006086
3100751	-	b2957	sigma70	3100759,3100764,3100785,3100790
1526011	-	b1453	sigma38	1526015,1526025,1526037,1526042
1526020	-	b1453	sigma38	1526021,1526031,1526045,1526050
1037710	+	b4592,b0978,b0979,b0980	sigma70	1037695,1037700,1037673,1037678
1037710	+	b4592,b0978,b0979,b0980	sigma38	1037690,1037700,1037673,1037678
583567	+	b0564	sigma70	583555,583560,583533,583538
491310	+	b0469	sigma70	491299,491304,491276,491281
70075	-	b0061,b0062,b0063	sigma70	70084,70089,70108,70113
70241	+	b0064	sigma70	70233,70238,70207,70212
2982208	-	b2840,b2841	sigma70	2982217,2982222,2982242,2982247
1986238	-	b4460,b1900,b1901	sigma70	1986240,1986245,1986265,1986270
1986238	-	b4460,b1900,b1901	sigma38	1986246,1986256,1986271,1986276
412529	-	b0396	sigma70	412535,412540,412560,412565
4640508	-	b4401	sigma70	4640516,4640521,4640537,4640542
4640512	-	b4401	sigma70	4640516,4640521,4640537,4640542
4640535	-	b4401	sigma70	4640536,4640541,4640563,4640568
4640599	-	b4401	sigma70	4640603,4640608,4640629,4640634
4640681	-	b4401	sigma70	4640687,4640692,4640712,4640717
4640688	-	b4401	sigma70	4640696,4640701,4640719,4640724
4640801	-	b4401	sigma70	4640806,4640811,4640832,4640837
3438673	-	b4550	sigma70	3438680,3438685,3438703,3438708
2949156	+	b2818	sigma70	2949145,2949150,2949123,2949128
4154885	+	b3958,b3959,b3960	sigma70	4154871,4154876,4154850,4154855
3490221	-	b3359	sigma70	3490228,3490233,3490253,3490258
4154897	-	b3957	sigma70	4154903,4154908,4154925,4154930
290340	-	b0273	sigma70	290350,290355,290371,290376
3318562	+	b3172	sigma70	3318549,3318554,3318528,3318533
4478344	-	b4254	sigma70	4478354,4478359,4478375,4478380
3068836	-	b2923	sigma70	3068843,3068848,3068867,3068872
3384677	+	b3237	sigma70	3384668,3384673,3384642,3384647
1960001	+	b1876	sigma70	1959991,1959996,1959965,1959970
2427849	-	b2306,b2307,b2308,b2309,b2310	sigma54	2427859,2427863,2427870,2427875
564703	+	b0536	sigma70	564686,564691,564664,564669
2466308	+	b2348	sigma70	2466292,2466297,2466269,2466274
3982364	+	b3796,b3797,b3798,b3799	sigma70	3982348,3982353,3982325,3982330
2741201	-	b2600,b2601	sigma70	2741208,2741213,2741230,2741235
785591	+	b0754	sigma70	785580,785585,785557,785562
1788318	+	b1704	sigma70	1788308,1788313,1788286,1788291
1788384	+	b1704	sigma70	1788371,1788376,1788349,1788354
3519380	-	b3384,b3385,b3386,b3387,b3388,b3389,b3390	sigma70	3519390,3519395,3519411,3519416
3519167	-	b3384,b3385,b3386,b3387,b3388,b3389,b3390	sigma70	3519172,3519177,3519198,3519203
406280	+	b0388,b0389,b0390	sigma70	406265,406270,406243,406248
121671	-	b0112	sigma70	121683,121688,121706,121711
121650	-	b0112	sigma70	121654,121659,121678,121683
3658054	-	b4704	sigma70	3658055,3658060,3658079,3658084
3658054	-	b4704	sigma38	3658061,3658071,3658084,3658089
3648512	+	b3501,b3502,b3503	sigma70	3648498,3648503,3648475,3648480
900626	-	b0860	sigma70	900633,900638,900656,900661
903769	-	b0861,b0862,b0863,b0864	sigma70	903778,903783,903801,903806
903815	-	b0861,b0862,b0863,b0864	sigma38	903820,903830,903842,903847
903836	-	b0861,b0862,b0863,b0864	sigma38	903844,903854,903865,903870
903843	-	b0861,b0862,b0863,b0864	sigma38	903850,903860,903873,903878
2839429	+	b2715,b2716	sigma70	2839416,2839421,2839393,2839398
3982781	+	b3800	sigma54	3982764,3982768,3982752,3982757
3927129	+	b3744	sigma70	3927122,3927127,3927095,3927100
3927031	-	b3741,b3742,b3743	sigma70	3927037,3927042,3927059,3927064
2044541	+	b1977	sigma70	2044528,2044533,2044502,2044507
2059845	+	b1986	sigma70	2059829,2059834,2059807,2059812
2062252	+	b1989	sigma70	2062236,2062241,2062213,2062218
4368432	-	b4138,b4139	sigma70	4368439,4368444,4368464,4368469
236913	+	b0216	sigma70	236897,236902,236874,236879
1671327	+	b1597	sigma38	1671316,1671326,1671299,1671304
1671327	+	b1597	sigma70	1671315,1671320,1671288,1671293
1832013	-	b1744,b1745,b1746,b1747,b1748	sigma70	1832022,1832027,1832047,1832052
1832044	-	b1744,b1745,b1746,b1747,b1748	sigma54	1832054,1832058,1832065,1832070
1832039	-	b1744,b1745,b1746,b1747,b1748	sigma38	1832046,1832056,1832070,1832075
2323412	+	b2224,b2221,b2222,b2223	sigma54	2323398,2323402,2323386,2323391
3922525	-	b3731,b3732,b3733,b3734,b3735,b3736,b3737,b3738,b3739	sigma70	3922532,3922537,3922554,3922559
1482904	-	b1412	sigma70	1482911,1482916,1482933,1482938
1988001	-	b4663	sigma70	1988008,1988013,1988030,1988035
3204175	-	b3057	sigma24	3204181,3204185,3204202,3204207
197821	+	b0177	sigma24	197813,197817,197790,197795
197026	+	b0184,b0183,b0182,b0181,b0180,b0179,b0178,b0177	sigma24	197015,197019,196993,196998
2638975	-	b2511,b2512	sigma24	2638981,2638985,2639002,2639007
2599014	-	b2477	sigma24	2599023,2599027,2599045,2599050
2736006	+	b2595	sigma24	2735993,2735997,2735969,2735974
2735961	+	b2595	sigma24	2735950,2735954,2735928,2735933
2753486	+	b2617	sigma24	2753477,2753481,2753455,2753460
2600437	+	b2480	sigma70	2600424,2600429,2600401,2600406
3692673	-	b3531,b3532	sigma70	3692679,3692684,3692706,3692711
3696443	+	b3538,b3537,b3536	sigma70	3696430,3696435,3696408,3696413
4474064	-	b4249	sigma70	4474070,4474075,4474096,4474101
2616068	+	b2495,b2494	sigma24	2616058,2616062,2616036,2616041
329361	-	b0311,b0312,b0313	sigma70	329366,329371,329391,329396
329421	+	b0314	sigma70	329412,329417,329385,329390
2222120	-	b2132	sigma70	2222127,2222132,2222151,2222156
1169019	+	b1112	sigma70	1169007,1169012,1168984,1168989
809292	-	b0774	sigma70	809298,809303,809319,809324
809302	+	b0775,b0776,b0777,b0778	sigma70	809288,809293,809265,809270
4377745	-	b4149	sigma38	4377750,4377760,4377772,4377777
1215506	-	b1163	sigma70	1215511,1215516,1215534,1215539
1214113	-	b1162	sigma70	1214120,1214125,1214144,1214149
454434	+	b0435	sigma38	454416,454426,454396,454401
454434	+	b0435	sigma70	454421,454426,454396,454401
454349	+	b0435	sigma70	454339,454344,454318,454323
1121058	-	b1060	sigma32	1121064,1121069,1121082,1121087
1121032	-	b1060	sigma32	1121042,1121047,1121060,1121065
4163399	+	b3967,b3966	sigma70	4163387,4163392,4163363,4163368
4360106	-	b4131,b4132	sigma70	4360114,4360119,4360140,4360145
4361963	-	b4133	sigma70	4361967,4361972,4361991,4361996
34218	+	b0034	sigma70	34206,34211,34179,34184
42037	-	b0035,b0036,b0037,b0038,b0039,b0040	sigma70	42044,42049,42071,42076
29551	+	b0032,b0033	sigma70	29539,29544,29516,29521
29619	+	b0032,b0033	sigma70	29609,29614,29585,29590
2884319	-	b2760,b2759,b2758,b2757,b2756,b2755,b2754	sigma70	2884326,2884331,2884349,2884354
2060941	-	b1987	sigma70	2060946,2060951,2060970,2060975
1063833	-	b0999,b1000	sigma70	1063835,1063840,1063856,1063861
1063828	-	b0999,b1000	sigma38	1063835,1063845,1063856,1063861
1063919	-	b0999,b1000	sigma70	1063933,1063938,1063955,1063960
1064037	-	b0999,b1000	sigma70	1064045,1064050,1064068,1064073
1064037	-	b0999,b1000	sigma38	1064045,1064050,1064068,1064073
2231819	+	b2143	sigma70	2231806,2231811,2231779,2231784
830669	-	b0796,b0795,b0794,b0793,b0792	sigma70	830675,830680,830695,830700
1813742	-	b1731	sigma70	1813749,1813754,1813775,1813780
1741201	+	b1661	sigma38	1741184,1741194,1741165,1741170
1741201	+	b1661	sigma70	1741189,1741194,1741166,1741171
1741379	+	b1661	sigma38	1741363,1741373,1741346,1741351
1272422	+	b1218	sigma54	1272408,1272412,1272396,1272401
3469896	-	b3338	sigma70	3469903,3469908,3469926,3469931
507204	+	b4585	sigma70	507192,507197,507169,507174
1823492	+	b1741	sigma70	1823480,1823485,1823459,1823464
4448402	+	b4224,b4225	sigma70	4448391,4448396,4448367,4448372
4448428	+	b4225,b4224	sigma70	4448418,4448423,4448397,4448402
2246929	-	b2155	sigma70	2246938,2246943,2246961,2246966
2246942	-	b2155	sigma70	2246950,2246955,2246973,2246978
923080	+	b0882	sigma70	923069,923074,923043,923048
2734205	-	b2592	sigma32	2734215,2734220,2734234,2734239
2734205	-	b2592	sigma70	2734208,2734213,2734234,2734239
456577	+	b0437,b0438	sigma70	456565,456570,456542,456547
456605	+	b0438,b0437	sigma32	456590,456595,456570,456575
457202	+	b0439,b0438	sigma24	457190,457194,457169,457174
961165	+	b0911,b0910	sigma70	961151,961156,961127,961132
973404	+	b0924,b0923,b0922,b0921	sigma70	973392,973397,973370,973375
2065874	-	b1991,b1992,b1993	sigma70	2065883,2065888,2065906,2065911
2065972	-	b1991,b1992,b1993	sigma70	2065981,2065986,2066005,2066010
354884	+	b0336,b0337	sigma70	354872,354877,354850,354855
511411	-	b0484	sigma70	511419,511424,511444,511449
4001194	+	b3816	sigma70	4001180,4001185,4001157,4001162
4436629	-	b4213	sigma70	4436637,4436642,4436658,4436663
4105785	+	b4716,b4484	sigma70	4105772,4105777,4105746,4105751
4105686	-	b3911,b3912	sigma38	4105693,4105698,4105717,4105722
4105686	-	b3911,b3912	sigma70	4105693,4105698,4105717,4105722
4635477	+	b4397,b4398,b4399,b4400	sigma70	4635464,4635469,4635442,4635447
4635243	+	b4399,b4398,b4397	sigma32	4635227,4635232,4635207,4635212
257810	+	b0240	sigma38	257798,257803,257776,257781
257810	+	b0240	sigma70	257798,257803,257776,257781
257824	+	b0240	sigma54	257807,257811,257795,257800
3485953	+	b3357	sigma70	3485936,3485941,3485909,3485914
1103859	+	b1043,b1041,b1042	sigma38	1103846,1103852,1103824,1103829
1103859	+	b1043,b1041,b1042	sigma70	1103848,1103853,1103827,1103832
1103344	-	b1037,b1038,b1039,b1040	sigma38	1103350,1103360,1103372,1103377
1103344	-	b1037,b1038,b1039,b1040	sigma70	1103350,1103355,1103372,1103377
1103335	-	b1037,b1038,b1039,b1040	sigma38	1103344,1103355,1103372,1103377
1103335	-	b1037,b1038,b1039,b1040	sigma70	1103343,1103353,1103367,1103372
2788927	+	b2663,b2662,b2661,b2660,b2659	sigma38	2788916,2788926,2788899,2788904
2665401	+	b2535	sigma70	2665391,2665396,2665367,2665372
2665401	+	b2535	sigma38	2665385,2665395,2665367,2665372
3719889	+	b3556	sigma70	3719878,3719883,3719853,3719858
3719940	+	b3556	sigma70	3719924,3719929,3719900,3719905
922676	-	b0880	sigma70	922685,922690,922707,922712
657147	+	b0623	sigma70	657135,657140,657114,657119
657250	+	b0623	sigma70	657239,657244,657214,657219
2819373	-	b2696	sigma70	2819378,2819383,2819400,2819405
2819373	-	b2696	sigma38	2819380,2819390,2819404,2819409
2819370	-	b2696	sigma70	2819378,2819383,2819400,2819405
2819273	-	b2696	sigma38	2819281,2819291,2819305,2819310
2819189	-	b2696	sigma70	2819196,2819201,2819223,2819228
2924524	-	b4408	sigma70	2924526,2924531,2924552,2924557
629864	+	b0598	sigma70	629852,629857,629825,629830
629873	+	b0598	sigma70	629859,629864,629832,629837
595573	+	b0575,b0574,b0573,b0572	sigma70	595561,595566,595534,595539
595462	-	b0570,b0571	sigma70	595469,595474,595491,595496
4365392	-	b4137	sigma70	4365398,4365403,4365422,4365427
2430800	-	b2311,b2312,b2313	sigma70	2430807,2430812,2430832,2430837
3990999	+	b3806	sigma70	3990987,3990992,3990964,3990969
3990774	+	b3806	sigma70	3990761,3990766,3990738,3990743
2167114	+	b4438	sigma24	2167101,2167105,2167079,2167084
2167114	+	b4438	sigma70	2167096,2167106,2167074,2167079
2167114	+	b4438	sigma38	2167096,2167106,2167078,2167083
771170	+	b0733,b0734	sigma70	771158,771163,771134,771139
771284	+	b0734,b0733	sigma70	771274,771279,771251,771256
771202	+	b0734,b0733	sigma70	771192,771197,771171,771176
771213	+	b0734,b0733	sigma70	771201,771206,771177,771182
771368	+	b0734,b0733	sigma70	771357,771362,771336,771341
931031	-	b0886,b0887	sigma70	931037,931042,931058,931063
358709	-	b0338	sigma70	358710,358715,358736,358741
358773	+	b0340,b0339,b0341	sigma70	358760,358765,358738,358743
451653	-	b0428,b0429,b0430,b0431,b0432	sigma70	451660,451665,451683,451688
1333788	+	b1275	sigma70	1333776,1333781,1333753,1333758
2876368	-	b2750,b2751,b2752	sigma70	2876377,2876382,2876400,2876405
3497754	+	b3368	sigma70	3497741,3497746,3497720,3497725
2891964	-	b2762,b2763,b2764	sigma70	2891970,2891975,2891994,2891999
2532377	+	b2414	sigma70	2532364,2532369,2532338,2532343
2543557	-	b2421,b2422,b2423,b2424,b2425	sigma70	2543566,2543571,2543591,2543596
4124509	-	b3934	sigma70	4124518,4124523,4124543,4124548
880653	+	b0839	sigma70	880641,880646,880620,880625
1237509	+	b1190,b1189	sigma70	1237498,1237503,1237474,1237479
1237525	+	b1189,b1190	sigma70	1237516,1237521,1237490,1237495
1237538	+	b1190,b1189	sigma70	1237532,1237537,1237507,1237512
3516252	-	b3384,b3385,b3386,b3387	sigma70	3516260,3516265,3516284,3516289
3515982	-	b3384,b3385,b3386,b3387	sigma70	3515990,3515995,3516015,3516020
3517600	-	b3384,b3385,b3386,b3387,b3388	sigma70	3517606,3517611,3517629,3517634
2599784	-	b2477,b2478	sigma70	2599791,2599796,2599815,2599820
28343	+	b0031	sigma70	28331,28336,28307,28312
28288	+	b0031	sigma70	28275,28280,28253,28258
185977	-	b0166	sigma70	185987,185992,186008,186013
2591560	+	b4547,b2472	sigma70	2591549,2591554,2591526,2591531
3683498	-	b3528	sigma70	3683505,3683510,3683528,3683533
4366843	-	b4138	sigma70	4366853,4366858,4366875,4366880
3374766	+	b3227	sigma70	3374754,3374759,3374732,3374737
3374583	+	b3227	sigma54	3374568,3374572,3374556,3374561
4350565	-	b4124	sigma70	4350576,4350581,4350603,4350608
4351685	-	b4124,b4125	sigma70	4351693,4351698,4351715,4351720
1563107	-	b1483,b1484,b1485,b1486,b1487,b1488	sigma54	1563120,1563124,1563131,1563136
3433650	+	b3287,b3288	sigma70	3433639,3433644,3433615,3433620
180845	+	b0161	sigma24	180834,180838,180812,180817
3380698	+	b3234	sigma70	3380686,3380691,3380663,3380668
3382173	+	b3235	sigma70	3382161,3382166,3382139,3382144
4616679	+	b4381,b4382,b4383,b4384	sigma70	4616667,4616672,4616642,4616647
4617278	+	b4381,b4382,b4383,b4384	sigma70	4617266,4617271,4617240,4617245
1623879	-	b1535	sigma70	1623885,1623890,1623911,1623916
1250944	-	b1198,b1199,b1200	sigma38	1250958,1250968,1250980,1250985
1251003	+	b1201	sigma38	1250986,1250996,1250966,1250971
1649597	+	b1579,b1578,b1577,b1576,b1575	sigma70	1649583,1649588,1649559,1649564
1647876	-	b1569,b1568,b1567	sigma70	1647883,1647888,1647906,1647911
250880	+	b0234,b0233,b0232,b0231	sigma70	250869,250874,250847,250852
250880	+	b0234,b0233,b0232,b0231	sigma38	250864,250874,250847,250852
833073	+	b0800,b0799	sigma70	833059,833064,833038,833043
246615	-	b0226,b0225	sigma70	246627,246632,246654,246659
3647982	-	b4613	sigma70	3647988,3647993,3648011,3648017
229098	+	b0207	sigma38	229087,229097,229070,229075
160657	-	b0144,b0145	sigma70	160665,160670,160688,160693
160751	-	b0144,b0145	sigma70	160759,160764,160782,160787
940823	+	b0894,b0895,b0896	sigma70	940810,940815,940788,940793
3883882	-	b3700,b3701,b3702	sigma70	3883886,3883891,3883908,3883913
12048	+	b0014,b0015	sigma32	12033,12038,12014,12019
12123	+	b0014,b0015	sigma32	12108,12113,12089,12094
12144	+	b0014,b0015	sigma32	12127,12132,12109,12114
3882733	-	b3700,b3701	sigma38	3882739,3882749,3882764,3882769
3882733	-	b3700,b3701	sigma70	3882739,3882744,3882764,3882769
3882590	-	b3700,b3701	sigma38	3882596,3882606,3882620,3882625
3882590	-	b3700,b3701	sigma70	3882593,3882598,3882620,3882625
3882562	-	b3700,b3701	sigma70	3882566,3882571,3882589,3882594
3882348	-	b3700,b3701	sigma70	3882356,3882361,3882382,3882387
3882348	-	b3700,b3701	sigma38	3882349,3882359,3882373,3882378
3707870	-	b3540,b3541,b3542,b3543,b3544	sigma70	3707876,3707881,3707901,3707906
848950	-	b0812	sigma70	848958,848963,848981,848986
848950	-	b0812	sigma38	848958,848968,848980,848985
4043377	+	b3860	sigma70	4043364,4043369,4043342,4043347
3038834	-	b2893	sigma24	3038840,3038844,3038862,3038867
3039633	-	b2891,b2892,b2893	sigma24	3039638,3039642,3039661,3039666
2479121	+	b2366	sigma70	2479110,2479115,2479087,2479092
2477746	-	b2364	sigma70	2477752,2477757,2477776,2477781
2477821	+	b2365,b2366	sigma70	2477814,2477819,2477793,2477798
2025313	-	b1954	sigma70	2025318,2025323,2025341,2025346
3410246	+	b3260,b3261	sigma70	3410235,3410240,3410212,3410217
3813852	+	b3641,b3640	sigma70	3813836,3813841,3813815,3813820
3222551	+	b3076,b3077	sigma70	3222540,3222545,3222517,3222522
4376509	+	b4411	sigma38	4376493,4376503,4376473,4376478
1934713	-	b1850,b1851	sigma70	1934719,1934724,1934742,1934747
4375567	+	b4147	sigma70	4375553,4375558,4375531,4375536
2381053	-	b2266	sigma38	2381059,2381068,2381087,2381092
3853845	+	b3673	sigma54	3853828,3853832,3853816,3853821
624831	+	b0593,b0594,b0595,b0596,b0597	sigma70	624818,624823,624795,624800
622258	+	b0591	sigma70	622245,622250,622222,622227
622253	+	b0591	sigma70	622240,622245,622216,622221
3073823	-	b2925,b2926,b2927	sigma70	3073830,3073835,3073853,3073858
3073823	-	b2925,b2926,b2927	sigma38	3073830,3073840,3073853,3073858
3710581	-	b3546	sigma24	3710587,3710595,3710606,3710611
3710581	-	b3546	sigma70	3710585,3710590,3710606,3710611
4019978	+	b4707	sigma70	4019967,4019972,4019945,4019950
576873	+	b0556,b0555,b0554	sigma24	576863,576868,576841,576847
2483641	+	b2370,b2369	sigma38	2483624,2483634,2483607,2483612
2483631	+	b2370,b2369	sigma70	2483624,2483629,2483603,2483608
3152014	-	b3005,b3006	sigma70	3152024,3152029,3152045,3152050
1016498	-	b0954	sigma70	1016504,1016509,1016527,1016532
2441641	-	b2323	sigma70	2441648,2441653,2441671,2441676
4031013	-	b3845,b3846	sigma70	4031021,4031026,4031044,4031049
1889807	-	b1805	sigma70	1889811,1889816,1889836,1889841
2460511	-	b2341,b2342	sigma70	2460517,2460522,2460540,2460545
2461205	+	b2344	sigma38	2461188,2461198,2461168,2461173
464360	+	b0443	sigma24	464347,464353,464323,464329
1234905	+	b1187	sigma70	1234893,1234898,1234866,1234871
2178667	-	b2097	sigma38	2178668,2178678,2178690,2178695
4299407	-	b4079	sigma54	4299417,4299421,4299428,4299433
1547372	+	b1474,b1475,b1476	sigma70	1547358,1547363,1547332,1547337
1447492	+	b1385	sigma70	1447480,1447485,1447459,1447464
1447370	+	b1385	sigma70	1447359,1447364,1447330,1447335
1447349	-	b1384	sigma70	1447357,1447362,1447375,1447380
1447309	-	b1384	sigma70	1447315,1447320,1447330,1447335
1447394	-	b1384	sigma70	1447401,1447406,1447422,1447427
4518282	-	b4292,b4293	sigma70	4518290,4518295,4518316,4518321
3540057	+	b3410,b3408,b3409	sigma70	3540046,3540051,3540023,3540028
612667	-	b0583,b0584	sigma70	612674,612679,612698,612703
624727	-	b0592	sigma70	624735,624740,624758,624763
622234	-	b0588,b0589,b0590	sigma70	622241,622246,622266,622271
622192	-	b0588,b0589,b0590	sigma70	622200,622205,622224,622229
612687	+	b4511,b0585,b0586,b0587	sigma70	612678,612683,612652,612657
167442	+	b0150,b0151,b0152,b0153	sigma70	167430,167435,167409,167414
4605694	-	b4367	sigma70	4605699,4605704,4605722,4605727
4605752	-	b4367	sigma70	4605760,4605765,4605782,4605787
4542694	-	b4317,b4320,b4319,b4318,b4316,b4315,b4314	sigma70	4542701,4542706,4542725,4542730
4540809	+	b4312	sigma70	4540797,4540802,4540774,4540779
4541871	+	b4313	sigma70	4541860,4541865,4541837,4541842
841648	-	b0805	sigma70	841653,841658,841677,841682
42325	+	b0044,b0043,b0042,b0041	sigma70	42313,42318,42290,42295
3477525	-	b3347	sigma24	3477532,3477536,3477553,3477558
3039822	+	b2895	sigma70	3039811,3039816,3039785,3039790
1130885	-	b1070,b1071,b1072	sigma70	1130893,1130898,1130914,1130919
1130993	+	b1073,b1074,b1075,b1076,b1077,b1078,b1079,b1080,b1081	sigma70	1130980,1130985,1130958,1130963
1138351	+	b1083,b1082	sigma28	1138337,1138344,1138318,1138322
1130165	-	b1070,b1071	sigma28	1130172,1130179,1130194,1130198
1978395	-	b1891,b1892	sigma70	1978402,1978407,1978425,1978430
1978577	-	b1891,b1892	sigma54	1978590,1978594,1978601,1978606
2001819	-	b1920,b1921,b1922	sigma70	2001826,2001831,2001847,2001852
2001808	-	b1920,b1921,b1922	sigma28	2001815,2001822,2001837,2001841
2003676	-	b1923	sigma28	2003683,2003690,2003705,2003709
2003817	+	b1924,b1925,b1926	sigma70	2003802,2003807,2003781,2003786
2013093	-	b1937	sigma28	2013100,2013107,2013124,2013128
2013036	-	b1937	sigma70	2013045,2013050,2013066,2013071
2013205	+	b1938,b1939,b1940,b1941,b1942,b1943	sigma28	2013191,2013198,2013170,2013174
2013146	+	b1943,b1942,b1941,b1940,b1939,b1938	sigma70	2013131,2013136,2013110,2013115
2019584	+	b1944,b1945,b1946,b1947,b1948,b1949,b1950	sigma70	2019573,2019578,2019552,2019557
2019595	+	b1950,b1949,b1948,b1947,b1946,b1945,b1944	sigma28	2019581,2019588,2019562,2019566
2071317	+	b4435,b2000	sigma70	2071306,2071311,2071283,2071288
1646388	+	b1566	sigma28	1646374,1646381,1646355,1646359
1399552	-	b1334	sigma70	1399559,1399564,1399582,1399587
1409129	+	b4699	sigma70	1409119,1409124,1409093,1409098
954493	-	b0903,b0904	sigma70	954499,954504,954520,954525
954503	-	b0903,b0904	sigma70	954512,954517,954535,954540
954814	-	b0903,b0904	sigma70	954822,954827,954848,954853
49799	+	b0048	sigma70	49787,49792,49763,49768
2243848	-	b2153,b2152	sigma70	2243858,2243863,2243882,2243887
4114499	-	b3924	sigma70	4114500,4114505,4114527,4114532
2493439	-	b2374	sigma70	2493447,2493452,2493470,2493475
4382412	-	b4151,b4152,b4153,b4154	sigma70	4382424,4382429,4382445,4382450
4382412	-	b4151,b4152,b4153,b4154	sigma38	4382424,4382429,4382445,4382450
192814	+	b0172	sigma70	192802,192807,192776,192781
256502	+	b0239	sigma70	256489,256494,256464,256469
2263597	-	b2167,b2168,b2169	sigma70	2263603,2263608,2263627,2263632
87947	+	b0080	sigma32	87937,87942,87919,87925
1988682	+	b1905	sigma70	1988670,1988675,1988647,1988652
1986775	+	b1902	sigma24	1986765,1986769,1986743,1986748
1986799	+	b1902	sigma70	1986785,1986790,1986762,1986767
103561	+	b0095,b0094	sigma70	103548,103553,103525,103530
933138	+	b0890	sigma70	933123,933128,933100,933105
932929	+	b0890	sigma70	932917,932922,932893,932898
102867	+	b0093,b0094,b0095	sigma38	102855,102865,102838,102843
102867	+	b0093,b0094,b0095	sigma70	102860,102865,102839,102844
102742	+	b0093	sigma38	102727,102737,102708,102713
2933854	-	b2799,b2800	sigma70	2933860,2933865,2933886,2933891
2934119	+	b2801,b2802,b2803,b2804,b2805	sigma70	2934102,2934107,2934081,2934086
1688440	-	b1611,b1612	sigma70	1688449,1688454,1688470,1688475
4347348	-	b4122	sigma70	4347351,4347356,4347378,4347383
1686709	-	b1611	sigma38	1686713,1686723,1686734,1686739
1686654	-	b1611	sigma70	1686660,1686665,1686683,1686688
710716	-	b0683	sigma70	710724,710729,710745,710750
710723	-	b0683	sigma70	710724,710729,710745,710750
3473685	-	b3339,b3340	sigma24	3473689,3473693,3473710,3473715
4368603	+	b4140	sigma32	4368587,4368592,4368569,4368574
2791172	+	b2663,b2662,b2661	sigma70	2791159,2791164,2791135,2791140
2791172	+	b2663,b2662,b2661	sigma38	2791154,2791164,2791135,2791140
2790912	+	b2663,b2662,b2661	sigma38	2790893,2790903,2790875,2790880
3667607	-	b3516,b3517	sigma38	3667612,3667620,3667638,3667643
3667607	-	b3516,b3517	sigma70	3667615,3667625,3667639,3667644
1572072	-	b1492,b1493	sigma38	1572080,1572090,1572104,1572109
1572072	-	b1492,b1493	sigma70	1572080,1572085,1572103,1572108
3658345	+	b4718,b3514,b3513,b3512	sigma38	3658334,3658344,3658318,3658323
3658242	+	b4718,b3512	sigma38	3658225,3658235,3658208,3658213
3657800	+	b4718,b3512	sigma70	3657788,3657793,3657761,3657766
3658062	+	b4718,b3514,b3513,b3512	sigma70	3658052,3658057,3658027,3658032
3665839	-	b3515,b3516	sigma38	3665849,3665859,3665871,3665876
3664864	+	b4452	sigma38	3664847,3664857,3664829,3664834
792081	-	b0757,b0758,b0759,b0756	sigma70	792093,792098,792117,792122
792081	-	b0757,b0758,b0759,b0756	sigma38	792088,792098,792109,792114
792086	-	b0757,b0758,b0759,b0756	sigma70	792093,792098,792117,792122
3088255	+	b2943	sigma70	3088242,3088247,3088215,3088220
2976569	+	b2837	sigma70	2976557,2976562,2976534,2976539
2241710	-	b2151	sigma70	2241718,2241723,2241745,2241750
1862735	+	b1779	sigma70	1862723,1862728,1862700,1862705
1862735	+	b1779	sigma38	1862718,1862728,1862700,1862705
1862618	+	b1780,b1779	sigma32	1862602,1862607,1862582,1862587
1862597	+	b1779	sigma70	1862584,1862589,1862558,1862563
1862526	+	b1779	sigma70	1862513,1862518,1862486,1862491
3274934	-	b3123,b3124,b3125,b3126,b3127	sigma70	3274940,3274945,3274963,3274968
2177234	-	b2091,b2092,b2093,b2094,b2095,b2096	sigma70	2177237,2177242,2177258,2177263
141263	-	b0124	sigma70	141269,141274,141293,141298
533907	+	b0514,b0513,b0512,b0511,b0509,b0508,b0507	sigma70	533896,533901,533872,533877
2942639	-	b2808	sigma70	2942646,2942651,2942673,2942678
2942696	+	b4443	sigma70	2942684,2942689,2942661,2942666
2599879	+	b2479	sigma70	2599866,2599871,2599843,2599848
2599806	+	b2479	sigma70	2599795,2599800,2599772,2599777
3050772	-	b2903,b2904,b2905	sigma70	3050781,3050786,3050805,3050810
1842308	+	b1761	sigma70	1842294,1842299,1842269,1842274
1050702	-	b0987	sigma70	1050708,1050713,1050731,1050736
3128206	+	b2980	sigma70	3128194,3128199,3128169,3128174
3128076	-	b2975,b2976,b2977,b4467,b4468,b2979	sigma70	3128085,3128090,3128108,3128113
3568392	-	b3428,b3429	sigma70	3568399,3568404,3568422,3568427
3573657	-	b3428,b3429,b3430,b3431,b3432	sigma70	3573664,3573669,3573691,3573696
3569389	-	b3428,b3429,b3430	sigma70	3569399,3569404,3569426,3569431
3569571	-	b3428,b3429,b3430	sigma38	3569576,3569586,3569600,3569605
3192012	-	b3049	sigma38	3192025,3192035,3192050,3192055
3192002	-	b3049	sigma38	3192010,3192020,3192034,3192039
3915223	-	b3729,b3730	sigma70	3915228,3915233,3915249,3915254
3915326	-	b3729,b3730	sigma70	3915330,3915335,3915357,3915362
2691340	-	b4441	sigma54	2691351,2691355,2691362,2691367
2691340	-	b4441	sigma70	2691348,2691353,2691372,2691377
3986432	+	b4456	sigma70	3986420,3986425,3986399,3986404
4058222	-	b3870,b3868,b3869	sigma70	4058233,4058238,4058255,4058260
4058107	-	b3870,b3868,b3869	sigma54	4058117,4058121,4058128,4058133
2687441	-	b2553	sigma70	2687448,2687453,2687475,2687480
2687503	-	b2553	sigma70	2687512,2687517,2687536,2687541
848047	-	b0809,b0810,b0811	sigma54	848058,848062,848069,848074
472556	+	b0451,b0450	sigma54	472542,472546,472530,472535
4056371	-	b3868,b3869	sigma70	4056377,4056382,4056402,4056407
846631	-	b0809	sigma70	846638,846643,846660,846665
705999	+	b0680	sigma32	705983,705988,705964,705969
705999	+	b0680	sigma70	705986,705991,705964,705969
1727801	+	b1651	sigma70	1727788,1727793,1727764,1727769
2352583	+	b2241,b2242,b2243	sigma70	2352575,2352580,2352551,2352556
3561971	+	b3426	sigma70	3561958,3561963,3561935,3561940
4118161	-	b3925,b3926,b3927	sigma70	4118168,4118173,4118191,4118196
2352451	-	b2239,b2240	sigma70	2352458,2352463,2352485,2352490
2691123	-	b2556	sigma70	2691130,2691135,2691153,2691158
754767	-	b0720	sigma70	754771,754776,754795,754800
3354509	+	b3212,b3213,b3214	sigma70	3354499,3354504,3354476,3354481
687896	-	b0652,b0653,b0654,b0655	sigma70	687898,687903,687924,687929
2520784	-	b2400	sigma70	2520791,2520796,2520814,2520819
2520776	-	b2400	sigma70	2520782,2520787,2520805,2520810
2520730	-	b2400	sigma70	2520738,2520743,2520760,2520765
2685574	-	b2551	sigma70	2685579,2685584,2685602,2685607
3725354	-	b3559,b3560	sigma70	3725361,3725366,3725384,3725389
2999064	-	b2864	sigma70	2999075,2999080,2999097,2999102
4392313	+	b4163,b4164,b4165	sigma70	4392297,4392302,4392275,4392280
1992180	-	b1909,b1910,b1911	sigma70	1992191,1992196,1992213,1992218
3821388	+	b3648	sigma70	3821374,3821379,3821351,3821356
1346843	-	b1285	sigma38	1346850,1346860,1346873,1346878
2101324	-	b2029	sigma70	2101332,2101337,2101355,2101360
3577645	-	b3437,b4476	sigma70	3577650,3577655,3577673,3577678
4551334	-	b4321	sigma70	4551341,4551346,4551368,4551373
3578818	-	b3438	sigma70	3578825,3578830,3578850,3578855
3546405	+	b3415	sigma70	3546393,3546398,3546369,3546374
3544667	+	b3414,b3413	sigma70	3544655,3544660,3544628,3544633
3646112	+	b3500	sigma70	3646101,3646106,3646076,3646081
3646112	+	b3500	sigma38	3646101,3646106,3646076,3646081
787632	-	b0755	sigma70	787636,787643,787658,787666
787632	-	b0755	sigma38	787636,787643,787658,787666
255914	+	b0238	sigma70	255905,255910,255878,255883
3328864	-	b3181	sigma70	3328869,3328874,3328892,3328897
3328853	-	b3181	sigma24	3328859,3328863,3328880,3328885
4370616	+	b4143,b4142	sigma32	4370600,4370605,4370580,4370585
4370616	+	b4143,b4142	sigma70	4370603,4370608,4370580,4370585
2750747	-	b2614	sigma32	2750757,2750762,2750776,2750781
1124103	-	b1064	sigma70	1124109,1124114,1124133,1124138
1734162	-	b1654	sigma70	1734168,1734173,1734192,1734197
3455519	-	b3322,b3323	sigma70	3455523,3455528,3455549,3455554
3455510	-	b3322,b3323	sigma70	3455514,3455519,3455540,3455545
3455634	-	b3322,b3323	sigma24	3455640,3455644,3455661,3455666
3455527	+	b3335,b3334,b3333,b3332,b3331,b3330,b3329,b3328,b3327,b3326,b3325,b3324	sigma70	3455518,3455523,3455495,3455500
3455531	+	b3335,b3334,b3333,b3332,b3331,b3330,b3329,b3328,b3327,b3326,b3325,b3324	sigma70	3455525,3455530,3455502,3455507
2634107	-	b2507,b2508	sigma70	2634114,2634119,2634138,2634143
2339457	-	b2231	sigma70	2339465,2339470,2339489,2339494
3880150	-	b3699	sigma70	3880158,3880163,3880185,3880190
3880150	-	b3699	sigma38	3880158,3880168,3880181,3880186
2035780	+	b1967	sigma70	2035766,2035771,2035743,2035748
2035630	+	b1967	sigma38	2035614,2035624,2035597,2035602
914129	-	b0872,b0873	sigma24	914140,914144,914162,914167
3656791	-	b3508,b3509,b3510	sigma38	3656796,3656803,3656821,3656825
3656791	-	b3508,b3509,b3510	sigma70	3656798,3656813,3656826,3656826
3656960	+	b3511	sigma70	3656948,3656953,3656927,3656932
3948021	-	b4480	sigma38	3948028,3948038,3948052,3948057
1263676	+	b1212,b1211,b1210	sigma70	1263663,1263668,1263641,1263646
389754	-	b0369	sigma70	389761,389766,389787,389792
2553205	+	b2436	sigma70	2553195,2553200,2553173,2553178
498031	+	b0475	sigma70	498018,498023,497992,497997
174921	-	b0154	sigma28	174929,174936,174952,174956
174902	-	b0154	sigma28	174909,174916,174931,174935
174941	-	b0154	sigma28	174948,174955,174970,174974
4051943	+	b3867	sigma70	4051931,4051936,4051910,4051915
63358	-	b0058,b0059	sigma70	63364,63369,63391,63396
63588	-	b0059	sigma32	63598,63603,63618,63623
63588	-	b0059	sigma70	63598,63603,63619,63624
1192686	-	b1131,b1132	sigma70	1192695,1192700,1192717,1192722
4399801	+	b4175,b4174,b4173,b4172	sigma70	4399788,4399793,4399765,4399770
4400220	+	b4175,b4174,b4173,b4172	sigma70	4400208,4400213,4400183,4400188
1509221	+	b1438,b4532	sigma70	1509210,1509215,1509187,1509192
3234480	-	b3083,b3082	sigma70	3234487,3234492,3234509,3234514
1592482	-	b1507,b1508	sigma70	1592488,1592493,1592510,1592515
2093360	+	b2026,b2025,b2024,b2023,b2022	sigma70	2093354,2093359,2093328,2093333
2426837	-	b2306,b2307,b2308,b2309	sigma70	2426844,2426849,2426868,2426873
2640642	-	b2514	sigma70	2640649,2640654,2640673,2640678
200455	+	b0181,b0180,b0179,b0178	sigma24	200442,200446,200420,200425
2685797	+	b2552	sigma38	2685778,2685788,2685761,2685766
1292958	-	b1237	sigma70	1292965,1292970,1292988,1292993
3522928	-	b3395,b3394,b3393,b3392	sigma38	3522935,3522945,3522959,3522964
607731	+	b4415	sigma24	607721,607725,607698,607703
4484273	-	b4258,b4259	sigma32	4484283,4484288,4484303,4484308
141360	+	b0125	sigma70	141348,141353,141323,141328
2659524	-	b2524,b2525,b2526,b2527	sigma70	2659531,2659536,2659552,2659557
1441780	-	b1379	sigma70	1441784,1441789,1441810,1441815
3529110	+	b3401,b3400	sigma32	3529092,3529097,3529075,3529080
4122354	-	b3931,b3932	sigma32	4122359,4122364,4122378,4122383
495075	+	b0473	sigma32	495061,495066,495041,495046
495084	+	b0473	sigma32	495072,495077,495056,495061
494817	+	b0473	sigma54	494800,494804,494787,494792
1912618	-	b1829	sigma32	1912630,1912635,1912647,1912652
461395	+	b0440	sigma70	461383,461388,461360,461365
461332	+	b0440	sigma70	461319,461324,461296,461301
1031984	+	b0972,b0973,b0974,b0975,b0976,b0977	sigma70	1031971,1031976,1031944,1031949
1031984	+	b0972,b0973,b0974,b0975,b0976,b0977	sigma38	1031966,1031976,1031949,1031954
3146363	-	b2997,b2990,b2991,b2992,b2993,b2994,b2995,b2996	sigma70	3146370,3146375,3146393,3146398
2850461	-	b2717,b2718,b2719,b2720,b2721,b2722,b2723,b2724,b2725	sigma54	2850471,2850475,2850482,2850487
2838132	-	b2712,b2713	sigma54	2838142,2838146,2838153,2838158
2601171	+	b2492,b2491,b2490,b2489,b2488,b2487,b2486,b2485,b2484,b2483,b2482,b2481	sigma54	2601156,2601160,2601144,2601149
2850627	+	b2731,b2730,b2729,b2728,b2727,b2726	sigma54	2850613,2850617,2850601,2850606
2838014	-	b2712	sigma70	2838019,2838024,2838043,2838048
2838105	-	b2712	sigma70	2838109,2838114,2838136,2838141
3336886	-	b3190	sigma24	3336893,3336897,3336916,3336921
3867518	-	b3686,b3687	sigma32	3867528,3867533,3867547,3867552
3866981	-	b3686	sigma54	3866983,3866987,3866995,3867000
1195008	+	b1136	sigma70	1194996,1195001,1194973,1194978
1194961	+	b1136	sigma70	1194952,1194957,1194928,1194933
4494597	+	b4268	sigma70	4494585,4494590,4494561,4494566
4491182	-	b4264	sigma70	4491187,4491192,4491209,4491214
1795721	-	b1712	sigma38	1795727,1795737,1795751,1795756
963749	+	b0912	sigma38	963733,963743,963715,963720
963749	+	b0912	sigma70	963733,963743,963715,963720
21833	+	b0029,b0028,b0027,b0026	sigma70	21822,21827,21798,21803
22229	+	b0029,b0028,b0027,b0026	sigma32	22214,22219,22194,22199
3215597	+	b3069	sigma70	3215582,3215587,3215558,3215563
3957912	+	b3774	sigma70	3957904,3957909,3957881,3957886
85600	+	b0077,b0078	sigma70	85586,85591,85563,85568
85453	+	b0078,b0077	sigma70	85439,85444,85416,85421
85420	+	b0078,b0077	sigma70	85407,85412,85384,85389
3950218	+	b3766,b4669,b3767,b3772,b3771,b3770,b3769,b3768	sigma70	3950206,3950211,3950183,3950188
3950290	+	b3766,b4669,b3767,b3772,b3771,b3770,b3769,b3768	sigma70	3950277,3950282,3950253,3950258
3957867	-	b3773	sigma70	3957871,3957876,3957894,3957899
3957867	-	b3773	sigma38	3957879,3957889,3957902,3957907
57156	-	b0054	sigma70	57163,57168,57187,57192
57241	-	b0054	sigma70	57249,57254,57276,57281
57336	-	b0052,b0053,b0054	sigma24	57340,57344,57362,57367
2349499	-	b2237	sigma70	2349507,2349512,2349532,2349537
926685	-	b0884	sigma70	926692,926697,926719,926724
926479	-	b0884	sigma70	926483,926488,926509,926514
1800818	-	b1716,b1717,b1718	sigma70	1800826,1800831,1800849,1800854
3721065	+	b3558	sigma24	3721058,3721062,3721036,3721041
2466515	+	b2349	sigma70	2466503,2466508,2466479,2466484
4556576	+	b4722,b4721,b4720,b4326	sigma70	4556564,4556569,4556542,4556547
4556856	+	b4722,b4326	sigma38	4556839,4556849,4556820,4556825
4556856	+	b4722,b4326	sigma70	4556844,4556849,4556823,4556828
1212123	-	b1160	sigma70	1212125,1212130,1212148,1212153
401319	+	b0382	sigma70	401310,401315,401283,401288
2662199	-	b2528,b2529,b2530,b2531	sigma70	2662207,2662212,2662230,2662235
3853257	-	b4616	sigma70	3853265,3853270,3853289,3853294
3853023	-	b3672,b3670,b3671	sigma70	3853034,3853039,3853061,3853066
1813814	+	b1732	sigma38	1813796,1813806,1813776,1813781
4133812	+	b3942	sigma70	4133799,4133804,4133775,4133780
3278866	+	b3135,b3134,b3133,b3132	sigma70	3278857,3278862,3278831,3278836
3792577	-	b3616,b3617	sigma70	3792584,3792589,3792610,3792615
728849	-	b4513,b0696,b0697,b0698	sigma70	728856,728861,728882,728887
1267854	+	b1215	sigma70	1267844,1267849,1267819,1267824
3342226	+	b3201,b3200,b3199,b3198	sigma70	3342219,3342224,3342192,3342197
3342010	+	b3201,b3200,b3199,b3198	sigma70	3342003,3342008,3341980,3341985
3341719	+	b3201,b3200,b3199,b3198	sigma70	3341706,3341711,3341685,3341690
366343	-	b0342,b0343,b0344	sigma70	366350,366355,366374,366379
1340135	+	b1280,b1279,b1282,b1281	sigma32	1340118,1340123,1340100,1340106
1340135	+	b1280,b1279,b1282,b1281	sigma70	1340125,1340130,1340101,1340106
1442915	-	b1380	sigma32	1442922,1442927,1442941,1442946
83735	-	b0075,b0071,b0072,b0073,b0074	sigma70	83743,83748,83766,83771
84188	+	b0076	sigma70	84175,84180,84152,84157
4606432	-	b4368,b4369,b4370	sigma70	4606443,4606448,4606465,4606470
3322278	-	b3174	sigma70	3322288,3322293,3322311,3322316
4496386	+	b4270	sigma70	4496370,4496375,4496348,4496353
4257087	+	b4043,b4044	sigma70	4257075,4257080,4257052,4257057
4595947	-	b4357	sigma24	4595952,4595958,4595973,4595979
1728353	+	b1653	sigma24	1728343,1728347,1728320,1728325
3599762	-	b3460	sigma70	3599768,3599773,3599790,3599795
3597755	-	b3454,b3455,b3456,b3457,b3458	sigma70	3597765,3597770,3597791,3597796
3777289	+	b3605,b3604,b3603	sigma70	3777277,3777282,3777255,3777260
3081892	+	b2936	sigma70	3081879,3081884,3081856,3081861
937328	+	b0892,b0891	sigma70	937315,937320,937292,937297
1263556	-	b1207,b1208,b1209	sigma28	1263563,1263570,1263585,1263589
458815	+	b0439	sigma32	458797,458802,458778,458783
458815	+	b0439	sigma70	458802,458807,458778,458783
127717	+	b0116	sigma70	127705,127710,127683,127688
3343326	+	b3201,b3200	sigma24	3343315,3343319,3343293,3343298
3343299	+	b3201,b3200	sigma70	3343282,3343287,3343260,3343265
3343396	+	b3205,b3204,b3203,b3202,b3201	sigma24	3343387,3343391,3343363,3343368
106508	+	b0096	sigma70	106494,106499,106471,106476
200960	+	b0179	sigma24	200949,200953,200928,200933
2495578	+	b2378	sigma24	2495569,2495573,2495548,2495553
932328	+	b0889	sigma70	932316,932321,932293,932298
25014	+	b0029,b0028,b0027	sigma70	25002,25007,24980,24985
1601460	+	b1519,b1518,b1517,b1516,b1515,b1514,b1513	sigma38	1601445,1601455,1601425,1601430
1601257	-	b1511,b1512	sigma70	1601260,1601265,1601286,1601291
2815065	-	b2687	sigma38	2815073,2815083,2815095,2815100
2978951	-	b2838	sigma70	2978955,2978960,2978979,2978984
4233539	-	b4024	sigma70	4233541,4233546,4233568,4233573
4233616	-	b4024	sigma70	4233625,4233630,4233652,4233657
914895	-	b0874	sigma70	914902,914907,914925,914930
2248560	-	b2156	sigma70	2248567,2248572,2248594,2248599
2978950	+	b2839	sigma70	2978943,2978948,2978916,2978921
780514	+	b0743,b0744,b0745	sigma70	780501,780506,780476,780481
4354805	-	b4129	sigma70	4354807,4354812,4354834,4354839
4246464	-	b4032,b4033,b4034	sigma70	4246467,4246472,4246494,4246499
1699228	-	b1620	sigma70	1699235,1699240,1699259,1699264
4246736	+	b4035,b4036,b4037	sigma70	4246724,4246729,4246702,4246707
3552510	-	b3416,b3417	sigma70	3552517,3552522,3552543,3552548
3550399	-	b3416	sigma24	3550405,3550409,3550425,3550430
3737470	+	b3571	sigma70	3737458,3737463,3737432,3737437
3553024	+	b3418	sigma70	3553012,3553017,3552989,3552994
1699313	+	b1621,b1622	sigma70	1699301,1699306,1699280,1699285
1688551	+	b1613	sigma70	1688544,1688549,1688521,1688526
1901933	+	b1817,b1818,b1819	sigma70	1901922,1901927,1901895,1901900
1619093	+	b1530,b1531,b1532	sigma70	1619080,1619085,1619057,1619062
311393	-	b0294	sigma24	311398,311404,311422,311428
310797	-	b0293	sigma70	310803,310808,310829,310834
842153	-	b0806	sigma70	842159,842164,842185,842190
3384313	-	b3236	sigma70	3384321,3384326,3384344,3384349
2153979	+	b2079,b2078,b2077,b2076,b2075,b2074	sigma38	2153962,2153972,2153943,2153948
1673779	-	b1600,b1599	sigma70	1673787,1673792,1673808,1673813
4341887	+	b4119,b4120	sigma70	4341875,4341880,4341854,4341859
4341650	-	b4118	sigma70	4341657,4341662,4341684,4341689
4120406	-	b3929,b3930	sigma70	4120415,4120420,4120439,4120444
1734357	+	b1655	sigma70	1734343,1734348,1734322,1734327
4214233	+	b4013	sigma32	4214225,4214230,4214206,4214211
4214159	+	b4013	sigma70	4214146,4214151,4214125,4214130
4128636	+	b3940,b3939	sigma70	4128623,4128628,4128600,4128605
3152075	+	b3008	sigma70	3152063,3152068,3152040,3152045
4132546	+	b3941	sigma70	4132538,4132543,4132515,4132520
2194269	+	b2114	sigma70	2194258,2194263,2194235,2194240
2193758	+	b2114	sigma70	2193743,2193748,2193718,2193723
4223783	+	b4019	sigma70	4223776,4223781,4223752,4223757
4223505	+	b4019	sigma70	4223494,4223499,4223473,4223478
4128529	-	b3938	sigma70	4128537,4128542,4128560,4128565
4128466	-	b3938	sigma70	4128473,4128478,4128496,4128501
3086577	+	b2942	sigma70	3086570,3086575,3086549,3086554
222714	-	b0197,b0198,b0199	sigma70	222722,222727,222745,222750
697163	-	b0664,b0665,b0666,b0668,b0670,b0672,b0673	sigma70	697174,697179,697197,697202
3318297	-	b3171,b3164,b3165,b3166,b3167,b3168,b3169,b3170	sigma70	3318305,3318310,3318328,3318333
3318375	-	b3171,b3164,b3165,b3166,b3167,b3168,b3169,b3170	sigma70	3318382,3318387,3318406,3318411
2947382	+	b2814,b2815,b2816	sigma70	2947368,2947373,2947346,2947351
1174028	-	b1114	sigma70	1174036,1174041,1174058,1174063
1173992	-	b1114	sigma70	1173998,1174003,1174022,1174027
2239391	-	b2148,b2149	sigma70	2239392,2239397,2239419,2239424
2240566	-	b2148,b2149,b2150	sigma70	2240573,2240578,2240600,2240605
2240566	-	b2148,b2149,b2150	sigma38	2240573,2240583,2240598,2240603
1622914	-	b4698	sigma70	1622921,1622926,1622947,1622952
4467363	+	b4702,b4242	sigma70	4467350,4467355,4467324,4467329
4467280	+	b4702,b4242	sigma70	4467272,4467277,4467251,4467256
1622588	+	b4599	sigma70	1622574,1622579,1622547,1622552
368519	+	b0351,b0352,b0350,b0349,b0348,b0347	sigma70	368508,368513,368482,368487
368528	-	b0345,b0346	sigma70	368530,368535,368551,368556
368536	-	b0345,b0346	sigma70	368542,368547,368563,368568
375386	+	b0353	sigma32	375370,375375,375353,375358
4399052	+	b4175,b4174,b4173,b4172,b4171	sigma70	4399039,4399044,4399013,4399018
4398982	+	b4175,b4174,b4173,b4172,b4171	sigma32	4398966,4398971,4398946,4398951
2814802	+	b4442	sigma24	2814791,2814795,2814769,2814774
1437121	+	b4427	sigma70	1437109,1437114,1437084,1437089
2313084	+	b4439	sigma70	2313071,2313076,2313045,2313050
1958747	-	b4717	sigma24	1958753,1958757,1958775,1958780
1668603	-	b1594	sigma70	1668604,1668609,1668629,1668634
1668591	-	b1593,b1594	sigma70	1668595,1668600,1668620,1668625
1668591	-	b1593,b1594	sigma32	1668600,1668605,1668620,1668625
2214840	+	b2127	sigma70	2214828,2214833,2214804,2214809
2214840	+	b2127	sigma38	2214823,2214833,2214805,2214810
2695767	+	b2558	sigma70	2695749,2695754,2695725,2695730
765811	+	b0732,b0731	sigma32	765797,765802,765780,765785
765926	-	b0730	sigma70	765933,765938,765957,765962
3925674	-	b3741,b3740	sigma38	3925687,3925692,3925709,3925714
3925674	-	b3741,b3740	sigma70	3925687,3925692,3925709,3925714
2512734	-	b2392	sigma70	2512742,2512747,2512765,2512770
1905459	+	b1821	sigma70	1905445,1905450,1905426,1905431
795062	+	b0763,b0764,b0765	sigma70	795049,795054,795022,795027
794995	+	b0765,b0764,b0763	sigma28	794980,794987,794961,794965
866394	-	b0826,b0827	sigma70	866401,866406,866425,866430
1977302	-	b1887,b1888,b1889,b1890	sigma28	1977309,1977316,1977331,1977335
4455728	+	b4233	sigma38	4455706,4455716,4455690,4455695
4455728	+	b4233	sigma70	4455711,4455716,4455685,4455690
4455760	+	b4233	sigma70	4455749,4455754,4455726,4455731
2810747	+	b2684,b2685,b2686	sigma70	2810734,2810739,2810711,2810716
3168653	-	b3022,b3021	sigma70	3168655,3168660,3168682,3168687
3168562	-	b3021,b3022	sigma70	3168569,3168574,3168592,3168597
89596	+	b0096,b0095,b0094,b0093,b0092,b0091,b0090,b0089,b0088,b0087,b0086,b0085,b0084,b0083,b0082,b0081	sigma70	89588,89593,89563,89568
3401129	-	b3251,b3249,b3250	sigma70	3401134,3401139,3401157,3401162
3401356	-	b3251,b3249,b3250	sigma70	3401362,3401367,3401385,3401390
2194203	-	b2113	sigma70	2194207,2194212,2194237,2194243
1862464	-	b1778	sigma70	1862472,1862477,1862497,1862502
1114213	-	b1051	sigma38	1114220,1114230,1114241,1114246
3772188	+	b3599,b3600,b3601	sigma70	3772176,3772181,3772153,3772158
179183	-	b0159,b0158,b0157	sigma70	179188,179193,179212,179217
179183	-	b0159,b0158,b0157	sigma38	179188,179198,179211,179216
3305860	-	b3161	sigma70	3305868,3305873,3305895,3305900
2545733	+	b2429,b2428	sigma70	2545720,2545725,2545697,2545702
2545733	+	b2429,b2428	sigma38	2545718,2545728,2545698,2545703
2545741	+	b2429,b2428	sigma70	2545728,2545733,2545704,2545709
2545793	-	b2427	sigma70	2545799,2545804,2545820,2545825
2545793	-	b2427	sigma38	2545799,2545809,2545820,2545825
4397100	+	b4175,b4174,b4173,b4172,b4171,b4170	sigma70	4397088,4397093,4397064,4397069
4397046	+	b4175,b4174,b4173,b4172,b4171,b4170	sigma32	4397031,4397036,4397011,4397016
3811175	-	b3635	sigma32	3811185,3811190,3811204,3811209
2857019	+	b2733	sigma38	2857007,2857017,2856988,2856993
2061978	-	b1988	sigma54	2061988,2061992,2061999,2062004
2710357	+	b2574	sigma70	2710345,2710350,2710324,2710329
1822302	+	b1740	sigma70	1822284,1822289,1822258,1822263
703708	-	b0675,b0676,b0677,b0678	sigma70	703714,703719,703741,703746
701865	-	b0676	sigma70	701872,701877,701894,701899
702008	-	b0676	sigma70	702015,702020,702041,702046
703840	+	b0679	sigma70	703827,703832,703804,703809
3373620	-	b3225,b3221,b3222,b3223,b3224	sigma70	3373627,3373632,3373652,3373657
2303574	-	b2194,b2195,b2196,b2197,b2198,b2199,b2200,b2201,b2202,b2203,b2204,b2205,b2206,b2207,b2208	sigma70	2303582,2303587,2303606,2303611
2303577	-	b2194,b2195,b2196,b2197,b2198,b2199,b2200,b2201,b2202,b2203,b2204,b2205,b2206,b2207,b2208	sigma70	2303582,2303587,2303606,2303611
1279807	+	b1224,b1225,b1226,b1227	sigma70	1279795,1279800,1279773,1279778
1277932	+	b1223	sigma70	1277919,1277924,1277893,1277898
1277821	+	b1223	sigma70	1277811,1277816,1277787,1277792
2290422	+	b2193	sigma32	2290404,2290409,2290386,2290391
1544124	-	b1469	sigma70	1544134,1544139,1544160,1544165
1544163	-	b1469	sigma38	1544170,1544180,1544192,1544197
1538687	-	b1465,b1466	sigma24	1538694,1538698,1538715,1538720
1277777	-	b1221,b1222	sigma70	1277785,1277790,1277806,1277811
1165992	+	b1109	sigma70	1165978,1165983,1165951,1165956
1726021	+	b1651,b1650,b1649	sigma70	1726010,1726015,1725983,1725988
2250806	+	b2159	sigma70	2250796,2250801,2250771,2250776
605453	-	b0578	sigma70	605460,605465,605483,605488
3545458	+	b3414	sigma32	3545443,3545448,3545423,3545428
17458	+	b0020,b0019	sigma70	17445,17450,17424,17429
17317	+	b0020,b0019	sigma38	17303,17313,17286,17291
3613439	+	b3480,b3481,b3479,b3478,b3477,b3476	sigma54	3613422,3613426,3613410,3613415
3493987	+	b3365,b3366,b3367,b3368	sigma70	3493974,3493979,3493948,3493953
2868829	-	b2741,b2742	sigma70	2868836,2868841,2868857,2868862
2868782	-	b2741,b2742	sigma70	2868791,2868796,2868813,2868818
2832439	+	b2711,b2710	sigma54	2832425,2832429,2832413,2832418
2344755	+	b2236,b2234,b2235	sigma70	2344746,2344751,2344723,2344728
4462838	-	b4237,b4238	sigma70	4462846,4462851,4462873,4462878
2800656	+	b2673,b2674,b2676,b2675	sigma70	2800644,2800649,2800621,2800626
432977	+	b0418,b0417,b0416,b0415,b0414,b0413	sigma70	432963,432968,432941,432946
4287671	+	b4070,b4071,b4072,b4073,b4074,b4075,b4076	sigma70	4287659,4287664,4287638,4287643
1948674	-	b1863,b1864,b1865	sigma70	1948682,1948687,1948704,1948709
2405162	-	b2276,b2277,b2278,b2279,b2280,b2281,b2282,b2283,b2284,b2285,b2286,b2287,b2288	sigma70	2405169,2405174,2405190,2405195
2513009	+	b2393	sigma70	2512997,2513002,2512971,2512976
3105651	+	b2964	sigma70	3105639,3105644,3105612,3105617
2700518	+	b4608	sigma70	2700507,2700512,2700483,2700488
1020191	-	b0957	sigma70	1020194,1020199,1020216,1020221
2312830	-	b2215	sigma70	2312835,2312840,2312858,2312863
987092	-	b0929	sigma38	987099,987104,987123,987128
987092	-	b0929	sigma70	987099,987104,987123,987128
3536707	-	b3404,b3405	sigma70	3536714,3536719,3536741,3536746
3536685	-	b3404,b3405	sigma70	3536696,3536701,3536717,3536722
3536639	-	b3404,b3405	sigma70	3536642,3536647,3536666,3536671
3536755	-	b3404,b3405	sigma70	3536762,3536767,3536784,3536789
850209	+	b0814	sigma70	850200,850205,850174,850179
1109278	+	b1048,b1049	sigma70	1109265,1109270,1109241,1109246
1109257	+	b1049,b1048	sigma70	1109248,1109253,1109221,1109226
1109257	+	b1049,b1048	sigma24	1109244,1109248,1109222,1109227
1301085	+	b1243,b1244,b1245,b1246,b1247	sigma28	1301071,1301078,1301051,1301055
1343476	-	b1283	sigma38	1343477,1343487,1343500,1343505
1343369	-	b1283	sigma70	1343378,1343383,1343399,1343404
1343369	-	b1283	sigma38	1343378,1343388,1343400,1343405
1556596	+	b1482	sigma70	1556590,1556595,1556564,1556569
1556606	+	b1482	sigma38	1556585,1556595,1556568,1556573
1822283	-	b1739	sigma70	1822284,1822289,1822306,1822311
1822283	-	b1739	sigma38	1822290,1822300,1822313,1822318
2219523	-	b2128,b2129,b2130,b2131	sigma38	2219530,2219540,2219554,2219559
4611153	+	b4376	sigma70	4611140,4611145,4611113,4611118
4611153	+	b4376	sigma38	4611135,4611145,4611115,4611120
1981651	-	b1896	sigma38	1981657,1981667,1981679,1981684
1982465	-	b1896,b1897	sigma38	1982466,1982476,1982491,1982496
1982442	-	b1897,b1896	sigma38	1982448,1982458,1982471,1982476
4158457	+	b3961	sigma38	4158439,4158449,4158420,4158425
4158457	+	b3961	sigma70	4158444,4158449,4158420,4158425
4158394	-	b4458	sigma70	4158403,4158408,4158427,4158432
1453865	+	b1398,b1397,b1396,b1395,b1394,b1393,b1392,b1391,b1390,b1389,b1388	sigma70	1453849,1453854,1453823,1453828
1463509	+	b1400,b1399	sigma70	1463498,1463503,1463472,1463477
3490851	-	b3360	sigma70	3490858,3490863,3490885,3490890
149630	-	b0133,b0134	sigma70	149638,149643,149660,149665
146754	-	b0131	sigma70	146761,146766,146784,146789
3219458	+	b3073	sigma38	3219444,3219448,3219432,3219437
3219458	+	b3073	sigma54	3219444,3219448,3219432,3219437
3532679	+	b3403	sigma70	3532667,3532672,3532640,3532645
159151	-	b0142,b0143	sigma70	159162,159167,159187,159192
159195	-	b0142,b0143	sigma70	159203,159208,159230,159235
159171	-	b0142,b0143	sigma70	159178,159183,159201,159206
159171	-	b0142,b0143	sigma38	159178,159188,159200,159205
159391	-	b0142,b0143	sigma38	159397,159407,159420,159425
332039	+	b0315	sigma70	332029,332034,332000,332008
331873	+	b0315	sigma70	331864,331869,331842,331847
122034	+	b0113,b0114,b0115,b0116	sigma70	122022,122027,121999,122004
122034	+	b0113,b0114,b0115,b0116	sigma38	122017,122027,121997,122002
4486139	-	b4260	sigma70	4486145,4486150,4486169,4486174
4486112	-	b4260	sigma70	4486117,4486122,4486138,4486143
4486101	-	b4260	sigma70	4486108,4486113,4486131,4486136
255737	-	b0237	sigma70	255748,255753,255772,255777
1806351	+	b1723	sigma38	1806335,1806345,1806317,1806322
1806323	+	b1723	sigma38	1806312,1806322,1806292,1806297
951154	-	b0902	sigma70	951165,951170,951182,951187
4233722	+	b4025	sigma70	4233711,4233716,4233687,4233692
4233722	+	b4025	sigma38	4233706,4233716,4233689,4233694
3072857	-	b2926,b2925	sigma70	3072865,3072870,3072886,3072891
2698638	-	b2560,b2559	sigma32	2698647,2698652,2698667,2698672
2737579	+	b2599,b2598	sigma70	2737568,2737573,2737544,2737549
601929	+	b0576	sigma70	601917,601922,601894,601899
4362627	-	b4134	sigma70	4362635,4362640,4362660,4362665
3110365	+	b2967	sigma70	3110352,3110357,3110327,3110332
4325206	-	b4092,b4093,b4094,b4095,b4096,b4097,b4098,b4099,b4100,b4101,b4102,b4103,b4104,b4105,b4106	sigma70	4325207,4325212,4325234,4325239
401707	+	b0383,b0384	sigma70	401695,401700,401672,401677
417101	+	b0399,b0400	sigma70	417089,417094,417063,417068
260158	-	b0241	sigma70	260166,260171,260187,260192
1084865	+	b1020	sigma70	1084858,1084863,1084836,1084841
1190491	-	b1129,b1130	sigma32	1190501,1190506,1190517,1190522
1189940	-	b1129	sigma24	1189947,1189953,1189967,1189973
3907665	-	b3724	sigma70	3907672,3907677,3907697,3907702
3136403	-	b2987	sigma70	3136410,3136415,3136433,3136438
4004814	+	b3821	sigma70	4004802,4004807,4004778,4004783
4256598	-	b4041	sigma24	4256601,4256605,4256625,4256630
1147577	+	b1093,b1092,b1091,b1090	sigma70	1147564,1147569,1147540,1147545
990414	-	b0931	sigma70	990421,990426,990443,990448
2824394	-	b2700	sigma32	2824404,2824409,2824424,2824429
3311326	-	b3164	sigma70	3311331,3311336,3311353,3311358
1677975	-	b1602,b1603	sigma70	1677982,1677987,1678007,1678012
65803	-	b0060	sigma70	65810,65815,65832,65837
893736	+	b0854,b0855,b0856,b0857	sigma54	893721,893725,893709,893714
911076	-	b0871	sigma38	911084,911094,911109,911114
911076	-	b0871	sigma70	911084,911089,911105,911110
2964220	-	b2826,b2825,b2824,b2823,b2822	sigma28	2964227,2964234,2964249,2964253
117705	-	b0108,b0107,b0106	sigma70	117711,117716,117735,117740
1923385	-	b1838	sigma32	1923394,1923399,1923412,1923417
3492335	-	b3363	sigma70	3492342,3492347,3492366,3492371
3492395	-	b3363	sigma70	3492398,3492403,3492422,3492427
3492430	-	b3363	sigma70	3492437,3492442,3492461,3492466
3492449	-	b3363	sigma70	3492457,3492462,3492484,3492489
461838	+	b0441	sigma32	461829,461834,461811,461816
461819	+	b0441	sigma70	461809,461814,461787,461792
1787161	-	b1702	sigma70	1787168,1787173,1787189,1787194
1011666	+	b0952,b0951,b0950	sigma70	1011653,1011658,1011626,1011631
1011666	+	b0952,b0951,b0950	sigma38	1011643,1011653,1011624,1011629
1011659	+	b0952,b0951,b0950	sigma70	1011648,1011653,1011624,1011629
1011659	+	b0952,b0951,b0950	sigma38	1011643,1011653,1011624,1011629
3645238	-	b3498,b3497	sigma32	3645248,3645253,3645268,3645273
3708694	-	b3545	sigma70	3708705,3708710,3708728,3708733
2286207	+	b2189	sigma70	2286194,2286199,2286169,2286174
4330320	+	b4111	sigma70	4330313,4330318,4330288,4330293
4330407	+	b4111	sigma38	4330390,4330400,4330372,4330377
218837	-	b0194	sigma70	218843,218848,218864,218869
2804563	+	b2679,b2678,b2677	sigma70	2804551,2804556,2804524,2804529
2804563	+	b2679,b2678,b2677	sigma38	2804546,2804556,2804528,2804533
2804599	+	b2679,b2678,b2677	sigma70	2804588,2804593,2804566,2804571
2804755	+	b2679,b2678,b2677	sigma70	2804742,2804747,2804720,2804725
348646	+	b0335,b0334,b0333,b0331	sigma54	348632,348636,348620,348625
348471	-	b0330	sigma70	348481,348486,348503,348508
1262177	-	b1207	sigma70	1262184,1262189,1262208,1262213
4390638	-	b4159,b4160	sigma24	4390643,4390647,4390664,4390669
4240300	+	b4030	sigma70	4240288,4240293,4240263,4240268
1368038	+	b1304,b1305,b1306,b1307,b1308	sigma54	1368024,1368028,1368012,1368017
1367945	-	b1303	sigma70	1367951,1367956,1367974,1367979
1367929	-	b1303	sigma70	1367933,1367938,1367955,1367960
1368040	-	b1303	sigma70	1368044,1368049,1368069,1368074
4262816	+	b4050	sigma54	4262801,4262805,4262789,4262794
3908447	-	b3724,b3725	sigma70	3908453,3908458,3908474,3908479
3908556	-	b3724,b3725	sigma70	3908561,3908566,3908584,3908589
3908556	-	b3724,b3725	sigma38	3908561,3908571,3908582,3908587
3910542	-	b3724,b3725,b3726,b3727	sigma70	3910552,3910557,3910575,3910580
3910542	-	b3724,b3725,b3726,b3727	sigma38	3910554,3910564,3910575,3910580
3911568	-	b3726,b3727,b3728,b3724,b3725	sigma70	3911576,3911581,3911603,3911608
3911568	-	b3726,b3727,b3728,b3724,b3725	sigma38	3911576,3911586,3911600,3911605
1258542	-	b1203,b1204	sigma70	1258550,1258555,1258573,1258578
2959011	-	b2821,b2820,b2819	sigma70	2959017,2959022,2959040,2959045
2533601	+	b2415,b2416,b2417	sigma70	2533590,2533595,2533568,2533573
2533501	+	b2415,b2416,b2417	sigma32	2533484,2533492,2533456,2533468
2533501	+	b2415,b2416,b2417	sigma70	2533487,2533492,2533464,2533469
4404664	+	b4177	sigma70	4404651,4404656,4404628,4404633
2597781	-	b2476	sigma70	2597788,2597793,2597815,2597820
553142	-	b0522,b0523	sigma70	553150,553155,553172,553177
4207627	-	b4005,b4006	sigma70	4207634,4207639,4207656,4207661
2695589	-	b2557	sigma70	2695597,2695602,2695620,2695625
2621153	+	b2499,b2500	sigma70	2621141,2621146,2621117,2621122
1737689	+	b1658	sigma70	1737675,1737680,1737652,1737657
1078925	-	b1014	sigma70	1078930,1078935,1078953,1078958
1079168	+	b1015	sigma70	1079151,1079156,1079130,1079135
1079210	+	b1015	sigma70	1079199,1079204,1079176,1079181
1360968	-	b1296,b1297	sigma38	1360976,1360981,1360997,1361002
1361052	+	b1302,b1301,b1300,b1299,b1298	sigma38	1361040,1361045,1361017,1361022
1359373	-	b1296	sigma54	1359386,1359390,1359397,1359402
1755467	+	b1676	sigma70	1755456,1755461,1755432,1755437
1122643	-	b1062	sigma70	1122652,1122657,1122679,1122684
1004732	+	b0945	sigma70	1004724,1004729,1004701,1004706
1341870	+	b1282,b1281	sigma70	1341857,1341862,1341836,1341841
191812	+	b0171	sigma70	191800,191805,191774,191779
3169801	+	b3026,b3025	sigma70	3169791,3169796,3169764,3169769
3169749	+	b3026,b3025	sigma70	3169737,3169742,3169717,3169722
3933322	+	b3753,b3748,b3749,b3750,b3751,b3752	sigma70	3933309,3933314,3933288,3933293
2185827	+	b2107,b2106	sigma70	2185814,2185819,2185788,2185793
2185903	-	b2105	sigma70	2185909,2185914,2185935,2185940
2023836	+	b1951	sigma70	2023825,2023830,2023801,2023806
2315695	+	b2217	sigma70	2315681,2315686,2315658,2315663
2315975	+	b2217	sigma70	2315963,2315968,2315939,2315944
2313452	+	b2217,b2216	sigma70	2313441,2313446,2313418,2313423
3096620	+	b2955,b2954	sigma32	3096605,3096610,3096585,3096590
3700136	+	b4454	sigma70	3700124,3700129,3700101,3700106
2823819	-	b2698,b2699	sigma70	2823825,2823830,2823847,2823852
2962507	-	b2822	sigma70	2962514,2962519,2962537,2962542
2751759	+	b2616	sigma70	2751747,2751752,2751725,2751730
4005836	+	b3822	sigma70	4005823,4005828,4005800,4005805
2913829	-	b2782,b2783,b2784	sigma70	2913836,2913841,2913861,2913866
2914277	-	b2782,b2783,b2784	sigma70	2914285,2914290,2914308,2914313
1645903	-	b1562,b1563,b1564	sigma70	1645908,1645913,1645931,1645936
3960647	+	b3778	sigma70	3960638,3960643,3960615,3960620
3793939	+	b3622,b3621,b3620,b3619	sigma70	3793926,3793931,3793903,3793908
3793865	+	b3619,b3620,b3621,b3622	sigma32	3793853,3793858,3793836,3793841
3793970	+	b3622,b3621,b3620,b3619	sigma24	3793958,3793962,3793936,3793941
3967800	+	b3794,b3793,b4481,b3792,b3791,b3790,b3789,b3788,b3787,b3786,b3785,b3784	sigma70	3967784,3967789,3967758,3967763
4097472	-	b3902,b3903,b3904	sigma70	4097479,4097484,4097500,4097505
4094385	-	b3902	sigma54	4094398,4094402,4094410,4094415
4097711	+	b3905,b3906	sigma70	4097699,4097704,4097672,4097677
4097711	+	b3905,b3906	sigma38	4097694,4097704,4097675,4097680
4100566	-	b3907	sigma70	4100573,4100578,4100594,4100599
1339190	-	b1277	sigma70	1339197,1339202,1339222,1339227
1339234	-	b1277	sigma70	1339241,1339246,1339265,1339270
434504	+	b0418,b0417,b0416,b0415	sigma32	434490,434495,434470,434475
21383	+	b0025,b0026,b0027,b0028,b0029	sigma70	21372,21377,21349,21354
2255252	-	b2162	sigma70	2255259,2255264,2255280,2255285
891876	+	b0853,b0852	sigma70	891864,891869,891841,891846
3318175	-	b3170,b3168,b3169	sigma70	3318182,3318187,3318205,3318210
3808238	-	b3623,b3624,b3625,b3626,b3627,b3628,b3629,b3630,b3631,b3632	sigma70	3808245,3808250,3808269,3808274
3327760	-	b3178,b3179	sigma70	3327771,3327776,3327795,3327800
3327731	-	b3178,b3179	sigma32	3327741,3327746,3327761,3327766
1349129	-	b1286	sigma70	1349135,1349140,1349159,1349164
1348944	-	b1286	sigma70	1348949,1348954,1348972,1348977
2704223	-	b2566,b2567,b2563,b2564,b2565	sigma70	2704232,2704237,2704258,2704263
1888061	-	b1804	sigma70	1888070,1888075,1888097,1888102
1144728	-	b1084	sigma70	1144735,1144740,1144759,1144764
1144762	-	b1084	sigma70	1144770,1144775,1144793,1144798
1144873	-	b1084	sigma70	1144881,1144886,1144906,1144911
2765906	+	b2630	sigma32	2765890,2765895,2765871,2765876
2765894	+	b2631,b2630	sigma70	2765877,2765882,2765854,2765859
2766707	+	b2631	sigma24	2766696,2766700,2766674,2766679
2766860	+	b2631	sigma70	2766848,2766853,2766827,2766832
4313257	+	b4090	sigma70	4313245,4313250,4313222,4313227
3378672	-	b3230,b3231	sigma70	3378678,3378683,3378700,3378705
3333516	-	b3183,b3184,b3185,b3186	sigma70	3333524,3333529,3333547,3333552
2282440	+	b2185	sigma70	2282428,2282433,2282405,2282410
1800427	-	b1716,b1717	sigma70	1800436,1800441,1800461,1800466
3212473	+	b3067	sigma70	3212462,3212467,3212440,3212445
3212637	+	b3067	sigma70	3212625,3212630,3212598,3212603
3212688	+	b3067	sigma32	3212680,3212685,3212664,3212669
3212693	+	b3067	sigma24	3212682,3212686,3212658,3212663
2710393	-	b4725,b2570,b2571,b2572,b2573	sigma70	2710400,2710405,2710424,2710429
2710087	-	b2570,b2571,b2572,b2573	sigma70	2710099,2710104,2710126,2710131
2710087	-	b2570,b2571,b2572,b2573	sigma24	2710095,2710099,2710116,2710121
2710339	-	b4725,b2570,b2571,b2572,b2573	sigma70	2710346,2710351,2710369,2710374
2710339	-	b4725,b2570,b2571,b2572,b2573	sigma54	2710350,2710354,2710361,2710366
2710230	-	b4725,b2570,b2571,b2572,b2573	sigma38	2710237,2710242,2710260,2710265
2710165	-	b2570,b2571,b2572,b2573	sigma70	2710173,2710178,2710198,2710203
3601003	-	b3461	sigma70	3601011,3601016,3601037,3601042
3601003	-	b3461	sigma38	3601011,3601021,3601034,3601039
3600870	-	b3461	sigma24	3600877,3600881,3600898,3600903
3600863	-	b3461	sigma70	3600871,3600876,3600894,3600899
3600849	-	b3461	sigma70	3600856,3600861,3600883,3600888
3600813	-	b3461	sigma54	3600823,3600827,3600834,3600839
3344662	+	b3202,b3203,b3204,b3205,b3206	sigma70	3344653,3344658,3344632,3344637
2868118	-	b2741	sigma70	2868124,2868129,2868147,2868152
3822077	+	b3649,b3650,b3651,b3652	sigma70	3822064,3822069,3822040,3822045
961717	+	b0912,b0911	sigma70	961707,961712,961684,961689
961859	+	b0912,b0911	sigma70	961850,961855,961826,961832
189712	+	b4414,b0169,b0170	sigma70	189700,189705,189676,189681
3453442	-	b3311,b3312,b3313,b3314,b3315,b3316,b3317,b3318,b3319,b3320,b3321	sigma70	3453448,3453453,3453470,3453475
3442565	-	b3294,b3295,b3296,b3297,b3298	sigma70	3442571,3442576,3442594,3442599
2746254	-	b2606,b2607,b2608,b2609	sigma70	2746261,2746266,2746283,2746288
3210646	+	b3065,b3066,b3067	sigma70	3210633,3210638,3210606,3210611
3210712	+	b3065,b3066,b3067	sigma70	3210705,3210710,3210681,3210686
3210735	+	b3065,b3066,b3067	sigma70	3210723,3210728,3210705,3210713
4119358	-	b3929	sigma38	4119365,4119375,4119387,4119392
4478384	+	b4255	sigma70	4478368,4478373,4478343,4478348
4035239	+	b3855,b3854,b3853,b3852,b3851	sigma32	4035232,4035237,4035212,4035217
4035239	+	b3855,b3854,b3853,b3852,b3851	sigma70	4035225,4035230,4035203,4035208
4035356	+	b3855,b3854,b3853,b3852,b3851	sigma70	4035344,4035349,4035322,4035327
4166367	+	b3971,b3970,b3969,b3968	sigma32	4166360,4166365,4166340,4166345
4166367	+	b3971,b3970,b3969,b3968	sigma70	4166353,4166358,4166331,4166336
4166484	+	b3971,b3970,b3969,b3968	sigma70	4166472,4166477,4166450,4166455
3941516	+	b3759,b3758,b3757,b3756	sigma32	3941509,3941514,3941489,3941494
3941516	+	b3759,b3758,b3757,b3756	sigma70	3941502,3941507,3941480,3941485
3941633	+	b3759,b3758,b3757,b3756	sigma70	3941621,3941626,3941599,3941604
3429047	-	b3272,b3273,b3274,b3275,b3276,b3277,b3278	sigma32	3429059,3429064,3429076,3429081
3429047	-	b3272,b3273,b3274,b3275,b3276,b3277,b3278	sigma70	3429056,3429061,3429078,3429083
3428940	-	b3272,b3273,b3274,b3275,b3276,b3277,b3278	sigma70	3428947,3428952,3428969,3428974
4207863	+	b4010,b4009,b4008,b4007	sigma32	4207846,4207851,4207827,4207832
4207863	+	b4010,b4009,b4008,b4007	sigma70	4207849,4207854,4207827,4207832
4207971	+	b4010,b4009,b4008,b4007	sigma70	4207959,4207964,4207937,4207942
2731448	-	b2588,b2589,b2590,b2591	sigma32	2731450,2731455,2731470,2731475
2731448	-	b2588,b2589,b2590,b2591	sigma70	2731457,2731462,2731479,2731484
2731332	-	b2588,b2589,b2590,b2591	sigma70	2731339,2731344,2731361,2731366
4196954	-	b3995	sigma38	4196962,4196972,4196985,4196990
4196859	-	b3995	sigma70	4196863,4196868,4196887,4196892
2709632	-	b2570,b2571,b2572	sigma24	2709639,2709643,2709660,2709665
196470	+	b0176	sigma24	196462,196466,196439,196444
1289106	+	b1235,b1234	sigma38	1289088,1289098,1289070,1289075
1290220	+	b1235	sigma38	1290204,1290214,1290185,1290190
3558107	-	b4475,b3421	sigma54	3558117,3558121,3558128,3558133
1074026	-	b1012,b1011,b1010,b1009,b1008,b1007,b1006	sigma54	1074039,1074043,1074050,1074055
1074134	+	b1013	sigma24	1074123,1074127,1074102,1074107
1074113	+	b1013	sigma70	1074101,1074106,1074074,1074079
1947439	-	b1863	sigma70	1947450,1947455,1947472,1947477
853064	-	b4416,b4705	sigma70	853072,853077,853093,853098
888057	-	b4417	sigma24	888064,888068,888085,888090
1491506	-	b4597	sigma70	1491512,1491517,1491533,1491538
2734295	-	b4609	sigma70	2734302,2734307,2734324,2734329
3581016	-	b4451	sigma70	3581023,3581028,3581048,3581053
4278066	-	b4459	sigma38	4278073,4278078,4278096,4278101
4527977	+	b4624	sigma70	4527965,4527970,4527942,4527947
1584028	-	b1499,b1500	sigma70	1584037,1584042,1584059,1584064
416977	-	b0398,b0397	sigma70	416984,416989,417007,417012
396553	+	b0378,b0377	sigma24	396543,396547,396521,396526
1896809	+	b1814	sigma32	1896793,1896798,1896776,1896781
754958	+	b0721,b0722,b0723,b0724,b0726,b0727,b0728,b0729	sigma70	754943,754948,754920,754925
755404	+	b0724,b0723,b0722	sigma70	755392,755397,755367,755372
1996917	-	b1916	sigma70	1996925,1996930,1996946,1996951
1996910	-	b1916	sigma70	1996916,1996921,1996941,1996946
1996897	-	b1916	sigma70	1996902,1996907,1996925,1996930
1996867	-	b1916	sigma70	1996872,1996877,1996895,1996900
1996880	+	b4719	sigma38	1996868,1996873,1996845,1996850
1923207	-	b4433	sigma38	1923213,1923218,1923236,1923241
3784203	-	b3609,b3608	sigma70	3784208,3784213,3784233,3784238
3322587	-	b3174,b3175	sigma70	3322596,3322601,3322619,3322624
3322590	-	b3174,b3175	sigma70	3322596,3322601,3322619,3322624
3058456	-	b2913	sigma70	3058463,3058468,3058485,3058490
3058549	-	b2913	sigma70	3058551,3058556,3058575,3058580
957595	+	b0907,b0908	sigma70	957584,957589,957561,957566
2043562	-	b1975	sigma70	2043573,2043578,2043594,2043599
2818697	-	b2691,b2692,b2693,b2694,b2695	sigma70	2818708,2818713,2818730,2818735
926043	-	b0883	sigma70	926049,926054,926071,926076
926006	-	b0883	sigma70	926015,926020,926038,926043
1097676	-	b1032	sigma70	1097687,1097692,1097710,1097715
161515	-	b0145,b0146	sigma70	161521,161526,161544,161549
77338	-	b0069,b0068,b0067,b0066	sigma70	77344,77349,77371,77376
77367	+	b4662,b0070,b4577	sigma70	77354,77359,77332,77337
77367	+	b4662,b0070,b4577	sigma38	77349,77359,77332,77337
2053566	+	b1981	sigma70	2053554,2053559,2053532,2053536
2153311	+	b4436	sigma70	2153298,2153303,2153275,2153280
2153646	+	b4437	sigma70	2153633,2153638,2153610,2153615
3194865	-	b4447	sigma70	3194872,3194877,3194895,3194900
3195240	-	b4611	sigma70	3195247,3195252,3195270,3195275
2456999	-	b2340	sigma70	2457002,2457007,2457029,2457034
2456999	-	b2340	sigma24	2457005,2457009,2457026,2457031
3653936	+	b3507,b3506	sigma70	3653924,3653929,3653902,3653907
4630700	+	b4392	sigma32	4630688,4630693,4630665,4630671
4100759	+	b3908	sigma70	4100747,4100752,4100726,4100731
1735323	+	b1656	sigma70	1735313,1735318,1735292,1735297
1724679	-	b1646	sigma38	1724687,1724697,1724712,1724717
3276972	+	b3130,b3129	sigma70	3276960,3276965,3276938,3276943
1329284	+	b1272	sigma70	1329276,1329281,1329254,1329259
1329284	+	b1272	sigma38	1329262,1329272,1329245,1329250
1329301	+	b1272	sigma70	1329290,1329295,1329263,1329268
1492119	+	b4429	sigma70	1492106,1492111,1492083,1492087
4277447	+	b4063	sigma70	4277433,4277438,4277409,4277414
4277423	-	b4062	sigma70	4277431,4277436,4277455,4277460
3086048	-	b2937,b2938	sigma70	3086055,3086060,3086082,3086087
3083946	-	b2937	sigma38	3083953,3083963,3083974,3083979
3109175	-	b2965	sigma38	3109182,3109192,3109204,3109209
1825688	-	b1743	sigma70	1825694,1825699,1825715,1825720
3311183	+	b4449	sigma70	3311169,3311175,3311146,3311151
1556046	-	b1480	sigma38	1556054,1556064,1556078,1556083
4042391	+	b3860,b3859	sigma70	4042378,4042383,4042353,4042358
2825791	+	b2702,b2703,b2704,b2705,b2706,b2707,b2708	sigma70	2825780,2825785,2825759,2825764
4274092	+	b4059	sigma70	4274086,4274091,4274062,4274067
4274080	+	b4059	sigma70	4274072,4274077,4274050,4274055
4274011	+	b4059	sigma70	4274003,4274008,4273980,4273985
3018950	+	b2879	sigma70	3018941,3018946,3018920,3018925
2755586	+	b2621	sigma70	2755573,2755578,2755549,2755554
3055974	+	b2911,b2912	sigma70	3055962,3055967,3055938,3055943
3055759	+	b2911,b2912	sigma38	3055741,3055751,3055723,3055728
3055759	+	b2911,b2912	sigma70	3055746,3055751,3055723,3055728
997563	-	b0933,b0934,b0935,b0936,b0937	sigma70	997569,997574,997592,997597
2798536	-	b2669	sigma70	2798545,2798550,2798571,2798576
758586	+	b0727,b0726,b0728,b0729	sigma38	758566,758576,758550,758555
1764418	-	b1679,b1680,b1681,b1682,b1683,b1684	sigma70	1764425,1764430,1764447,1764452
1020947	-	b0958	sigma70	1020956,1020961,1020979,1020984
2870686	-	b2743,b2744	sigma70	2870690,2870695,2870717,2870722
1506150	+	b1434	sigma70	1506139,1506144,1506120,1506125
1021083	+	b0959	sigma70	1021070,1021075,1021047,1021052
4579917	-	b4347	sigma70	4579919,4579924,4579941,4579946
4579835	+	b4625	sigma70	4579822,4579827,4579801,4579806
2578588	+	b2465,b2464	sigma38	2578573,2578583,2578556,2578561
2578570	+	b2465,b2464	sigma38	2578555,2578565,2578539,2578544
1972716	-	b1881,b1882,b1883,b1884,b1885,b1886	sigma28	1972723,1972730,1972745,1972749
148	+	b0001,b0002,b0003,b0004	sigma70	138,143,111,116
4175381	+	b3980,b3976,b3977,b3978,b3979	sigma70	4175368,4175373,4175345,4175350
262841	+	b0244	sigma70	262825,262830,262802,262807
2965254	-	b2827	sigma70	2965258,2965263,2965279,2965284
2579308	+	b2465	sigma38	2579291,2579301,2579274,2579279
3888411	+	b3707,b3708,b3709	sigma70	3888397,3888402,3888370,3888375
3178074	+	b3038,b3037,b3036,b3035	sigma38	3178057,3178067,3178039,3178044
480794	-	b0461,b0460	sigma70	480802,480807,480825,480830
1311054	+	b1252	sigma70	1311045,1311050,1311021,1311026
1330980	+	b1274	sigma32	1330965,1330970,1330945,1330950
1330883	+	b1274	sigma70	1330871,1330876,1330846,1330851
1330848	+	b1274	sigma70	1330837,1330842,1330813,1330818
1330818	+	b1274	sigma70	1330807,1330812,1330785,1330790
1330789	+	b1274	sigma70	1330777,1330782,1330753,1330758
1330789	+	b1274	sigma38	1330772,1330782,1330753,1330758
1058056	+	b0996,b0997,b0998	sigma70	1058044,1058049,1058020,1058025
1057984	-	b0995	sigma70	1057991,1057996,1058014,1058019
1712671	+	b1634	sigma70	1712654,1712659,1712627,1712632
1388844	-	b1324	sigma70	1388851,1388856,1388875,1388880
1247425	-	b1197	sigma38	1247429,1247439,1247452,1247457
4466210	-	b4239,b4240	sigma70	4466219,4466224,4466240,4466245
4467271	-	b4241	sigma70	4467273,4467278,4467300,4467305
4467275	-	b4241	sigma70	4467281,4467286,4467303,4467308
4467347	-	b4241	sigma70	4467351,4467356,4467376,4467381
1492439	+	b1421	sigma28	1492423,1492430,1492404,1492411
4163295	-	b3965	sigma32	4163305,4163310,4163324,4163329
1319944	-	b1260,b1261,b1262	sigma70	1319953,1319958,1319974,1319979
1323108	-	b1265,b1260,b1261,b1262,b1263,b1264	sigma70	1323115,1323120,1323139,1323144
4632704	+	b4393	sigma70	4632691,4632696,4632664,4632669
3513697	-	b3384	sigma70	3513705,3513710,3513727,3513732
3965647	+	b3781	sigma70	3965638,3965643,3965612,3965617
3965687	+	b3781	sigma70	3965681,3965686,3965656,3965661
2718675	+	b2582	sigma70	2718664,2718669,2718642,2718647
4591633	+	b4355	sigma28	4591619,4591626,4591600,4591604
4591412	+	b4355	sigma70	4591397,4591402,4591374,4591379
432245	-	b0411	sigma70	432252,432257,432278,432283
432091	-	b0411	sigma70	432098,432103,432121,432126
3206424	+	b3063,b3061,b3062	sigma70	3206413,3206418,3206392,3206397
3471724	-	b3339	sigma70	3471731,3471736,3471753,3471758
3471583	-	b3339	sigma70	3471590,3471595,3471612,3471617
1451409	-	b1386	sigma70	1451418,1451423,1451438,1451443
4267082	+	b4054	sigma70	4267070,4267075,4267046,4267051
1989645	+	b1907	sigma70	1989630,1989635,1989607,1989612
1386692	+	b1323	sigma70	1386679,1386684,1386656,1386661
1287665	-	b1229,b1230,b1231	sigma70	1287673,1287678,1287695,1287700
4252443	+	b4039,b4040	sigma70	4252432,4252437,4252410,4252415
2339539	+	b2232	sigma70	2339527,2339532,2339505,2339510
4016391	+	b3831	sigma70	4016379,4016384,4016352,4016357
3592378	-	b3449,b3450,b3451,b3452,b3453	sigma70	3592384,3592389,3592405,3592410
3592426	-	b3449,b3450,b3451,b3452,b3453	sigma70	3592436,3592441,3592457,3592462
3847198	-	b3666	sigma70	3847205,3847210,3847231,3847236
1697075	-	b1618	sigma70	1697081,1697086,1697108,1697113
4419927	+	b4198,b4197,b4196,b4195,b4194,b4193	sigma70	4419915,4419920,4419892,4419897
1230738	+	b1183,b1184	sigma70	1230728,1230733,1230705,1230710
2620909	-	b2497,b2498	sigma70	2620915,2620920,2620937,2620942
3639983	+	b3495	sigma70	3639970,3639975,3639949,3639954
3639848	-	b3494	sigma38	3639853,3639863,3639878,3639883
4273936	-	b4058	sigma70	4273939,4273944,4273960,4273965
813493	+	b0779	sigma70	813482,813487,813459,813464
813462	+	b0779	sigma70	813450,813455,813429,813434
813152	+	b0779	sigma70	813140,813145,813117,813122
1994879	-	b1913	sigma70	1994884,1994889,1994907,1994912
3997907	+	b3813	sigma70	3997895,3997900,3997873,3997878
1995406	-	b1913,b1914	sigma70	1995410,1995415,1995433,1995438
1610720	-	b1521	sigma70	1610730,1610735,1610751,1610756
3244857	-	b3091,b3092	sigma70	3244863,3244868,3244890,3244895
4551518	+	b4323,b4322	sigma70	4551506,4551511,4551485,4551490
4554458	+	b4324	sigma70	4554447,4554452,4554424,4554429
4483927	-	b4258	sigma70	4483935,4483940,4483959,4483964
4483919	-	b4258	sigma70	4483921,4483926,4483948,4483953
2520924	+	b2401,b2402,b2403,b2404	sigma70	2520908,2520913,2520886,2520891
1746415	+	b1665,b1666	sigma70	1746403,1746408,1746380,1746385
1824984	-	b1742	sigma28	1824991,1824998,1825014,1825018
3808516	+	b3633,b3634	sigma70	3808503,3808508,3808479,3808484
3808256	+	b3633	sigma70	3808249,3808254,3808225,3808230
3801136	-	b3624,b3625	sigma70	3801145,3801150,3801172,3801177
1067758	-	b1004,b1003	sigma38	1067764,1067770,1067787,1067792
2137583	-	b2058,b2059,b2060,b2061,b2062	sigma70	2137591,2137596,2137614,2137619
2524910	-	b2406,b2407	sigma70	2524916,2524921,2524941,2524946
2524910	-	b2406,b2407	sigma38	2524916,2524926,2524941,2524946
2522505	-	b2405	sigma70	2522512,2522517,2522533,2522538
2522563	-	b2405	sigma70	2522571,2522576,2522598,2522603
3000265	+	b2868,b2867,b2866	sigma54	3000247,3000252,3000235,3000239
3039851	-	b2892,b2893,b2894	sigma32	3039861,3039866,3039877,3039882
3039851	-	b2892,b2893,b2894	sigma70	3039858,3039863,3039881,3039886
2634197	+	b2509	sigma70	2634188,2634193,2634163,2634168
441373	-	b0419,b0420,b0421,b0422	sigma70	441380,441385,441402,441407
1832399	+	b1749	sigma38	1832382,1832392,1832363,1832368
45592	+	b0045	sigma54	45581,45585,45569,45574
136940	-	b0122,b0120,b0121	sigma70	136947,136952,136974,136979
156235	-	b0139,b0140	sigma70	156236,156241,156263,156268
156224	-	b0139,b0140	sigma38	156233,156243,156258,156263
156214	-	b0139,b0140	sigma70	156221,156226,156247,156252
231064	+	b0210,b0209	sigma32	231057,231062,231037,231042
251969	+	b0234,b0233,b0232	sigma70	251961,251966,251939,251944
293118	-	b0277	sigma70	293125,293130,293146,293151
335739	+	b0319	sigma54	335722,335726,335710,335715
454210	-	b0434,b0433	sigma70	454216,454221,454238,454243
493709	+	b0472,b0471	sigma24	493698,493702,493676,493681
468352	+	b0447	sigma70	468345,468350,468322,468327
518490	-	b0492	sigma32	518500,518505,518519,518524
636686	-	b0602	sigma70	636692,636697,636714,636719
662706	-	b0630,b0631	sigma32	662716,662721,662735,662740
662706	-	b0630,b0631	sigma70	662711,662716,662735,662740
693469	-	b0657,b0658,b0659,b0660	sigma32	693479,693484,693498,693503
711939	-	b0685	sigma32	711945,711950,711965,711970
716641	-	b0691,b0690	sigma24	717679,717683,717700,717705
738980	+	b0708,b0707	sigma38	738962,738972,738942,738947
738920	+	b0708,b0707	sigma38	738909,738919,738893,738898
819858	+	b0786	sigma70	819846,819851,819823,819828
890892	+	b0853,b0852,b0851,b0850	sigma70	890880,890885,890855,890860
904523	-	b0865	sigma38	904529,904539,904554,904559
970642	+	b0918,b0917	sigma70	970627,970632,970604,970609
1031443	-	b0970	sigma70	1031455,1031460,1031481,1031486
1092841	+	b1025	sigma70	1092829,1092834,1092804,1092809
1100252	+	b1036	sigma70	1100242,1100247,1100217,1100222
1119071	-	b1057,b1056	sigma32	1119082,1119087,1119102,1119107
1119071	-	b1057,b1056	sigma70	1119079,1119084,1119102,1119107
1170417	-	b1113	sigma70	1170425,1170430,1170451,1170456
1244556	-	b1194	sigma28	1244563,1244570,1244585,1244589
1215752	+	b1167,b1166,b1165,b1164	sigma38	1215735,1215745,1215716,1215721
1215752	+	b1167,b1166,b1165,b1164	sigma70	1215735,1215745,1215716,1215721
1257882	-	b1203	sigma70	1257889,1257894,1257915,1257920
1273760	+	b1220	sigma70	1273748,1273753,1273721,1273726
1266899	+	b1215,b1214,b1213	sigma70	1266883,1266888,1266860,1266865
1313698	-	b1255,b1254	sigma70	1313705,1313710,1313729,1313734
1315396	-	b1257	sigma70	1315403,1315408,1315425,1315430
1316092	-	b1259,b1257,b1258	sigma38	1316099,1316109,1316121,1316126
1350132	-	b1287	sigma70	1350138,1350143,1350160,1350165
1344638	-	b4596,b1284	sigma38	1344641,1344651,1344663,1344668
1384069	+	b1323,b1322,b1321	sigma32	1384055,1384060,1384035,1384040
1475066	+	b1407	sigma38	1475049,1475059,1475031,1475036
1547205	-	b1473	sigma38	1547213,1547223,1547237,1547242
1624559	-	b1536	sigma70	1624565,1624570,1624591,1624596
1624688	+	b1537	sigma70	1624679,1624684,1624653,1624658
1582554	-	b1497,b1498	sigma70	1582562,1582567,1582585,1582590
1586664	-	b1501	sigma70	1586672,1586677,1586693,1586698
1648438	+	b1573,b1572,b1571	sigma70	1648425,1648430,1648402,1648407
1720998	+	b1645,b1644,b1643	sigma24	1720987,1720991,1720965,1720970
1746202	-	b1664	sigma32	1746212,1746217,1746231,1746236
1754642	-	b1669,b1670,b1671,b1672,b1673,b1674	sigma38	1754647,1754657,1754670,1754675
1792087	-	b1707	sigma24	1792091,1792095,1792113,1792118
1810170	+	b1728	sigma70	1810164,1810169,1810137,1810142
1865724	-	b1781	sigma70	1865728,1865733,1865749,1865754
1866815	+	b1784,b1783	sigma54	1866801,1866805,1866789,1866794
1879994	-	b1797,b1796	sigma70	1880001,1880006,1880023,1880028
1890561	-	b1806	sigma24	1890566,1890570,1890587,1890592
1946110	+	b1862	sigma70	1946097,1946102,1946076,1946081
1948185	-	b1863,b1864	sigma70	1948190,1948195,1948214,1948219
1929732	-	b1846	sigma70	1929741,1929746,1929762,1929767
1930765	-	b1848	sigma70	1930774,1930779,1930799,1930804
1995717	+	b1915	sigma28	1995703,1995710,1995684,1995688
2038840	+	b1970	sigma70	2038829,2038834,2038803,2038808
2089733	-	b2017,b4539	sigma70	2089739,2089744,2089760,2089765
2168349	-	b2083,b2085	sigma70	2168354,2168359,2168377,2168382
2255290	+	b2163	sigma38	2255278,2255288,2255262,2255267
2280622	+	b2184	sigma54	2280605,2280609,2280593,2280598
2408831	+	b2291	sigma32	2408821,2408826,2408799,2408805
2494433	-	b2371,b2372,b2373,b2374,b2375	sigma70	2494441,2494446,2494463,2494468
2537315	+	b2420,b2419	sigma24	2537304,2537308,2537282,2537287
2551243	-	b2431,b2432	sigma24	2551248,2551252,2551269,2551274
2741824	+	b2605,b2604,b2603	sigma70	2741811,2741816,2741788,2741793
2878915	-	b2754	sigma32	2878926,2878931,2878946,2878951
2862197	+	b2737	sigma28	2862183,2862190,2862163,2862167
2991879	+	b2852	sigma70	2991868,2991873,2991847,2991852
3015992	+	b2879,b2878	sigma54	3015975,3015979,3015963,3015968
3068126	-	b2922	sigma38	3068134,3068144,3068157,3068162
3068185	-	b2922	sigma38	3068191,3068201,3068215,3068220
3101798	-	b2958	sigma24	3101807,3101811,3101828,3101833
3101744	-	b2958	sigma24	3101753,3101757,3101774,3101779
3112899	-	b2970	sigma24	3114097,3114101,3114119,3114124
3201104	+	b3055	sigma24	3201096,3201100,3201072,3201077
3201042	+	b3056,b3055	sigma24	3201032,3201036,3201010,3201015
3439546	-	b3293,b3292	sigma32	3439556,3439561,3439572,3439577
3407351	+	b3257,b3258,b3259	sigma70	3407338,3407343,3407313,3407318
3485951	-	b3356	sigma70	3485954,3485959,3485978,3485983
3581111	+	b3441	sigma70	3581096,3581101,3581070,3581075
3634743	+	b3491	sigma38	3634725,3634735,3634705,3634710
3669261	-	b3518	sigma70	3669269,3669274,3669295,3669300
3672136	+	b3521	sigma54	3672119,3672123,3672106,3672111
3679229	-	b3525	sigma28	3679236,3679243,3679258,3679262
3682016	-	b3527	sigma24	3682022,3682026,3682042,3682047
3696364	-	b3535	sigma70	3696372,3696377,3696395,3696400
3712043	-	b3547	sigma70	3712052,3712057,3712079,3712084
3719431	+	b3555	sigma38	3719414,3719424,3719396,3719401
3742618	-	b3574	sigma70	3742620,3742625,3742643,3742648
3742674	+	b3577,b3583,b3582,b3581,b3580,b3579,b3578,b3576,b3575	sigma70	3742660,3742665,3742637,3742642
3742720	+	b3583,b3582,b3581,b3580,b3579,b3578,b3577,b3576,b3575	sigma24	3742710,3742714,3742687,3742692
3790149	-	b3615	sigma70	3790155,3790160,3790177,3790182
3785195	-	b3610,b3611,b3608,b3609	sigma70	3785200,3785205,3785224,3785229
3836664	-	b3656,b3657	sigma24	3836670,3836674,3836692,3836697
3867544	+	b3688	sigma24	3867539,3867543,3867515,3867520
3893829	+	b3713,b3712	sigma24	3893820,3893824,3893795,3893800
3994492	+	b3812,b3811,b3810,b3809,b4558	sigma70	3994478,3994483,3994456,3994461
4046652	-	b3862	sigma38	4046660,4046670,4046685,4046690
4051308	+	b3866	sigma70	4051295,4051300,4051274,4051279
4112869	+	b3923,b3922	sigma24	4112860,4112864,4112838,4112843
4189753	+	b3989	sigma32	4189738,4189743,4189721,4189726
4235858	+	b4029,b4028,b4027,b4026	sigma70	4235841,4235846,4235818,4235823
4235872	+	b4029,b4028,b4027,b4026	sigma70	4235860,4235865,4235836,4235841
4327079	+	b4110,b4109	sigma28	4327065,4327072,4327046,4327050
4327064	+	b4110,b4109	sigma28	4327050,4327057,4327030,4327034
4393677	+	b4168,b4167,b4169,b4170,b4171,b4172,b4173,b4174,b4175	sigma70	4393665,4393670,4393640,4393645
4393937	+	b4175,b4174,b4173,b4172,b4171,b4170,b4169,b4168,b4167	sigma70	4393925,4393930,4393899,4393904
4394035	+	b4175,b4174,b4173,b4172,b4171,b4170,b4169,b4168,b4167	sigma70	4394025,4394030,4394001,4394006
4392736	+	b4670	sigma70	4392725,4392730,4392702,4392707
4504020	+	b4280,b4279	sigma32	4504009,4504014,4503991,4503997
4591367	-	b4354	sigma38	4591374,4591382,4591395,4591401
4603319	+	b4366,b4365	sigma70	4603307,4603312,4603284,4603289
4605777	+	b4567	sigma70	4605764,4605769,4605742,4605747
266158	-	b0245,b0246,b4504,b0247,b0248,b0249,b0250	sigma28	266165,266172,266187,266191
266227	-	b0245,b0246,b4504,b0247,b0248,b0249,b0250	sigma28	266234,266241,266257,266261
320215	-	b0301,b0303,b0304	sigma24	320221,320227,320245,320251
312805	-	b0296,b4506	sigma70	312811,312816,312834,312839
313285	-	b4671	sigma70	313288,313293,313310,313315
1335090	+	b4523,b4522	sigma70	1335077,1335083,1335054,1335059
1658003	+	b1591,b1590,b1589,b1588,b1587	sigma70	1657991,1657996,1657966,1657971
1658003	+	b1591,b1590,b1589,b1588,b1587	sigma38	1657986,1657996,1657966,1657971
1842163	-	b1760	sigma28	1842170,1842177,1842193,1842197
1842188	-	b1760	sigma28	1842195,1842202,1842218,1842222
1893966	+	b1810	sigma24	1893954,1893960,1893931,1893937
1901772	-	b1816	sigma70	1901778,1901783,1901802,1901807
1907793	-	b1823,b1824	sigma70	1907801,1907806,1907825,1907830
2308641	-	b2211	sigma70	2308648,2308653,2308670,2308675
3155302	+	b3012,b3011	sigma70	3155290,3155295,3155267,3155272
3247548	+	b3096,b3095	sigma70	3247537,3247542,3247511,3247516
3247643	+	b3096,b3095	sigma24	3247637,3247641,3247615,3247620
3216538	-	b3070	sigma70	3216542,3216547,3216568,3216573
3296349	+	b3150	sigma24	3296336,3296340,3296313,3296318
3296072	+	b3150	sigma24	3296062,3296066,3296040,3296045
3340211	+	b3201,b3200,b3199,b3198,b3197,b3196	sigma70	3340194,3340199,3340173,3340178
3308086	-	b3162,b4685	sigma70	3308090,3308095,3308117,3308122
4016343	-	b3830	sigma70	4016349,4016354,4016376,4016381
4439286	-	b4216	sigma24	4439292,4439296,4439314,4439319
4439511	+	b4217	sigma38	4439494,4439504,4439476,4439481
2041346	+	b1973	sigma70	2041331,2041336,2041308,2041313
3606422	+	b3469	sigma70	3606410,3606415,3606384,3606389
1942661	-	b1857	sigma38	1942668,1942678,1942690,1942695
1942634	+	b1859,b1858	sigma70	1942622,1942627,1942597,1942602
4201712	-	b4002	sigma54	4201723,4201727,4201734,4201739
4201905	+	b4004,b4003	sigma54	4201891,4201895,4201879,4201884
1936376	-	b1852	sigma70	1936382,1936387,1936403,1936408
