chrom1	start1	end1	chrom2	start2	end2	bin1	bin2	kernel_id	iteration	score	pvalue	qvalue
chr1	1140000	1142000	chr1	1140000	1142000	570	570	0	0	0.5861838404	0.0000000000	0.0000000000
chr1	1968000	1970000	chr1	1968000	1970000	984	984	0	0	0.4038843528	0.0000001560	0.0000001677
chr1	34000	36000	chr1	34000	36000	17	17	1	0	0.7656968174	0.0000000000	0.0000000000
chr1	110000	112000	chr1	110000	112000	55	55	1	0	0.4308470837	0.0000000165	0.0000000212
chr1	136000	138000	chr1	136000	138000	68	68	1	0	0.6294218501	0.0000000000	0.0000000000
chr1	206000	208000	chr1	206000	208000	103	103	1	0	0.6596555552	0.0000000000	0.0000000000
chr1	228000	230000	chr1	228000	230000	114	114	1	0	0.6354658624	0.0000000000	0.0000000000
chr1	464000	466000	chr1	464000	466000	232	232	1	0	0.6656579646	0.0000000000	0.0000000000
chr1	712000	714000	chr1	712000	714000	356	356	1	0	0.4967653093	0.0000000000	0.0000000000
chr1	940000	942000	chr1	940000	942000	470	470	1	0	0.5727325181	0.0000000000	0.0000000000
chr1	1032000	1034000	chr1	1032000	1034000	516	516	1	0	0.4518450835	0.0000000025	0.0000000037
chr1	1156000	1158000	chr1	1156000	1158000	578	578	1	0	0.6355675038	0.0000000000	0.0000000000
chr1	1312000	1314000	chr1	1312000	1314000	656	656	1	0	0.3821136483	0.0000008223	0.0000008520
chr1	1364000	1366000	chr1	1364000	1366000	682	682	1	0	0.4532183609	0.0000000022	0.0000000034
chr1	1976000	1978000	chr1	1976000	1978000	988	988	1	0	0.4902890067	0.0000000001	0.0000000001
chr1	2022000	2024000	chr1	2022000	2024000	1011	1011	1	0	0.8293934134	0.0000000000	0.0000000000
chr1	2112000	2114000	chr1	2112000	2114000	1056	1056	1	0	0.4043739742	0.0000001500	0.0000001633
chr1	2286000	2288000	chr1	2286000	2288000	1143	1143	1	0	0.4223463965	0.0000000343	0.0000000410
chr1	2404000	2406000	chr1	2404000	2406000	1202	1202	1	0	0.6651696469	0.0000000000	0.0000000000
chr1	2446000	2448000	chr1	2446000	2448000	1223	1223	1	0	0.6371237312	0.0000000000	0.0000000000
chr1	2648000	2650000	chr1	2648000	2650000	1324	1324	1	0	0.3535815075	0.0000060164	0.0000061596
chr1	2654000	2656000	chr1	2654000	2656000	1327	1327	1	0	0.4367906822	0.0000000098	0.0000000138
chr1	2662000	2664000	chr1	2662000	2664000	1331	1331	1	0	0.4024922218	0.0000001742	0.0000001849
chr1	2754000	2756000	chr1	2754000	2756000	1377	1377	1	0	0.5815788099	0.0000000000	0.0000000000
chr1	2876000	2878000	chr1	2876000	2878000	1438	1438	1	0	0.4828095491	0.0000000001	0.0000000002
chr1	2980000	2982000	chr1	2980000	2982000	1490	1490	1	0	0.4424864341	0.0000000058	0.0000000084
chr1	3050000	3052000	chr1	3050000	3052000	1525	1525	1	0	0.4314883834	0.0000000156	0.0000000206
chr1	3056000	3058000	chr1	3056000	3058000	1528	1528	1	0	0.4228981963	0.0000000327	0.0000000402
chr1	3218000	3220000	chr1	3218000	3220000	1609	1609	1	0	0.4721285918	0.0000000003	0.0000000006
chr1	3348000	3350000	chr1	3348000	3350000	1674	1674	1	0	0.5658155309	0.0000000000	0.0000000000
chr1	3452000	3454000	chr1	3452000	3454000	1726	1726	1	0	0.6081690514	0.0000000000	0.0000000000
chr1	3486000	3488000	chr1	3486000	3488000	1743	1743	1	0	0.4049704915	0.0000001431	0.0000001577
chr1	3528000	3530000	chr1	3528000	3530000	1764	1764	1	0	0.4354330773	0.0000000110	0.0000000153
chr1	3564000	3566000	chr1	3564000	3566000	1782	1782	1	0	0.2376668813	0.0030017849	0.0030017849
chr1	3832000	3834000	chr1	3832000	3834000	1916	1916	1	0	0.5248411143	0.0000000000	0.0000000000
chr1	4038000	4040000	chr1	4038000	4040000	2019	2019	1	0	0.5091473628	0.0000000000	0.0000000000
chr1	4060000	4062000	chr1	4060000	4062000	2030	2030	1	0	0.5981412765	0.0000000000	0.0000000000
chr1	4128000	4130000	chr1	4128000	4130000	2064	2064	1	0	0.4327915383	0.0000000139	0.0000000187
chr1	4188000	4190000	chr1	4188000	4190000	2094	2094	1	0	0.8277747897	0.0000000000	0.0000000000
chr1	4210000	4212000	chr1	4210000	4212000	2105	2105	1	0	0.6192415520	0.0000000000	0.0000000000
chr1	4406000	4408000	chr1	4406000	4408000	2203	2203	1	0	0.6703618477	0.0000000000	0.0000000000
chr1	4470000	4472000	chr1	4470000	4472000	2235	2235	1	0	0.4066327393	0.0000001253	0.0000001399
chr1	4522000	4524000	chr1	4522000	4524000	2261	2261	1	0	0.4648383809	0.0000000007	0.0000000011
chr1	16000	18000	chr1	16000	18000	8	8	2	0	0.5695752967	0.0000000000	0.0000000000
chr1	50000	52000	chr1	50000	52000	25	25	2	0	0.4251514136	0.0000000270	0.0000000336
chr1	92000	94000	chr1	92000	94000	46	46	2	0	0.6879897917	0.0000000000	0.0000000000
chr1	160000	162000	chr1	160000	162000	80	80	2	0	0.5027813941	0.0000000000	0.0000000000
chr1	190000	192000	chr1	190000	192000	95	95	2	0	0.6145212192	0.0000000000	0.0000000000
chr1	420000	422000	chr1	420000	422000	210	210	2	0	0.4083190999	0.0000001094	0.0000001254
chr1	424000	426000	chr1	424000	426000	212	212	2	0	0.4484001801	0.0000000034	0.0000000050
chr1	446000	448000	chr1	446000	448000	223	223	2	0	0.7163339087	0.0000000000	0.0000000000
chr1	658000	660000	chr1	658000	660000	329	329	2	0	0.6851655825	0.0000000000	0.0000000000
chr1	690000	692000	chr1	690000	692000	345	345	2	0	0.5319976394	0.0000000000	0.0000000000
chr1	752000	754000	chr1	752000	754000	376	376	2	0	0.6165501131	0.0000000000	0.0000000000
chr1	922000	924000	chr1	922000	924000	461	461	2	0	0.5614898722	0.0000000000	0.0000000000
chr1	1014000	1016000	chr1	1014000	1016000	507	507	2	0	0.5175017823	0.0000000000	0.0000000000
chr1	1106000	1108000	chr1	1106000	1108000	553	553	2	0	0.5760443377	0.0000000000	0.0000000000
chr1	1128000	1130000	chr1	1128000	1130000	564	564	2	0	0.5999555032	0.0000000000	0.0000000000
chr1	1226000	1228000	chr1	1226000	1228000	613	613	2	0	0.3864712087	0.0000005957	0.0000006247
chr1	1294000	1296000	chr1	1294000	1296000	647	647	2	0	0.5215822373	0.0000000000	0.0000000000
chr1	1792000	1794000	chr1	1792000	1794000	896	896	2	0	0.4923669926	0.0000000000	0.0000000001
chr1	1960000	1962000	chr1	1960000	1962000	980	980	2	0	0.6197365791	0.0000000000	0.0000000000
chr1	2000000	2002000	chr1	2000000	2002000	1000	1000	2	0	0.6445386246	0.0000000000	0.0000000000
chr1	2268000	2270000	chr1	2268000	2270000	1134	1134	2	0	0.4346422456	0.0000000118	0.0000000161
chr1	2388000	2390000	chr1	2388000	2390000	1194	1194	2	0	0.8270260532	0.0000000000	0.0000000000
chr1	2426000	2428000	chr1	2426000	2428000	1213	1213	2	0	0.5261603651	0.0000000000	0.0000000000
chr1	2496000	2498000	chr1	2496000	2498000	1248	1248	2	0	0.4313203185	0.0000000158	0.0000000206
chr1	2616000	2618000	chr1	2616000	2618000	1308	1308	2	0	0.4129397286	0.0000000751	0.0000000873
chr1	2630000	2632000	chr1	2630000	2632000	1315	1315	2	0	0.4720258956	0.0000000003	0.0000000006
chr1	2682000	2684000	chr1	2682000	2684000	1341	1341	2	0	0.7170294698	0.0000000000	0.0000000000
chr1	2906000	2908000	chr1	2906000	2908000	1453	1453	2	0	0.4799455480	0.0000000002	0.0000000003
chr1	3032000	3034000	chr1	3032000	3034000	1516	1516	2	0	0.6453046772	0.0000000000	0.0000000000
chr1	3302000	3304000	chr1	3302000	3304000	1651	1651	2	0	0.7572899677	0.0000000000	0.0000000000
chr1	3376000	3378000	chr1	3376000	3378000	1688	1688	2	0	0.3392806750	0.0000151311	0.0000153091
chr1	3468000	3470000	chr1	3468000	3470000	1734	1734	2	0	0.5203292763	0.0000000000	0.0000000000
chr1	3510000	3512000	chr1	3510000	3512000	1755	1755	2	0	0.5642859340	0.0000000000	0.0000000000
chr1	3672000	3674000	chr1	3672000	3674000	1836	1836	2	0	0.4530707057	0.0000000022	0.0000000034
chr1	3808000	3810000	chr1	3808000	3810000	1904	1904	2	0	0.4425884031	0.0000000058	0.0000000084
chr1	3908000	3910000	chr1	3908000	3910000	1954	1954	2	0	0.7414878584	0.0000000000	0.0000000000
chr1	4016000	4018000	chr1	4016000	4018000	2008	2008	2	0	0.4680487867	0.0000000005	0.0000000008
chr1	4112000	4114000	chr1	4112000	4114000	2056	2056	2	0	0.4068677688	0.0000001229	0.0000001391
chr1	4150000	4152000	chr1	4150000	4152000	2075	2075	2	0	0.4188502287	0.0000000460	0.0000000542
chr1	4170000	4172000	chr1	4170000	4172000	2085	2085	2	0	0.5882935436	0.0000000000	0.0000000000
chr1	4362000	4364000	chr1	4362000	4364000	2181	2181	2	0	0.4264039672	0.0000000242	0.0000000307
chr1	4388000	4390000	chr1	4388000	4390000	2194	2194	2	0	0.4224601367	0.0000000340	0.0000000410
chr1	4580000	4582000	chr1	4580000	4582000	2290	2290	2	0	0.5548377474	0.0000000000	0.0000000000
